date,strategy,ret
2025-01-02,equal_weight,-0.0033482404624998493
2025-01-03,equal_weight,0.00856796417522477
2025-01-06,equal_weight,0.000937784666515995
2025-01-07,equal_weight,-0.005955129839603513
2025-01-08,equal_weight,-0.0022493487495844977
2025-01-10,equal_weight,-0.014369082755416268
2025-01-13,equal_weight,0.0021729883114949347
2025-01-14,equal_weight,0.001660585501220673
2025-01-15,equal_weight,0.014997052505863482
2025-01-16,equal_weight,-0.0009561861700744319
2025-01-17,equal_weight,0.00973330570383157
2025-01-21,equal_weight,0.009565270282012454
2025-01-22,equal_weight,0.004433152861090094
2025-01-23,equal_weight,0.00831647452547597
2025-01-24,equal_weight,-0.001797240087483609
2025-01-27,equal_weight,-0.0020609609833325045
2025-01-28,equal_weight,0.006406976946872067
2025-01-29,equal_weight,0.001360289067902569
2025-01-30,equal_weight,0.009063479597230188
2025-01-31,equal_weight,-0.008598208847805688
2025-02-03,equal_weight,-0.004626422505236186
2025-02-04,equal_weight,0.0050504733775241775
2025-02-05,equal_weight,0.00397586727086298
2025-02-06,equal_weight,0.0038605227691787796
2025-02-07,equal_weight,-0.007907313054956887
2025-02-10,equal_weight,0.008112054121384308
2025-02-11,equal_weight,0.007195438748095118
2025-02-12,equal_weight,0.0005274342339725755
2025-02-13,equal_weight,0.010723665619209063
2025-02-14,equal_weight,0.0019353335001719508
2025-02-18,equal_weight,0.006637780978311202
2025-02-19,equal_weight,0.002435075639306664
2025-02-20,equal_weight,-0.009776626013473538
2025-02-21,equal_weight,-0.011198347472188591
2025-02-24,equal_weight,0.001388755190109451
2025-02-25,equal_weight,0.0007746621193013489
2025-02-26,equal_weight,-0.0029887779687455106
2025-02-27,equal_weight,-0.009233182076571962
2025-02-28,equal_weight,0.013689142090828114
2025-03-03,equal_weight,-0.01569299243824582
2025-03-04,equal_weight,-0.014893711251879367
2025-03-05,equal_weight,0.008700923255502905
2025-03-06,equal_weight,-0.013909849541045275
2025-03-07,equal_weight,0.007861887999364388
2025-03-10,equal_weight,-0.026255546766899073
2025-03-11,equal_weight,-0.01609307937421262
2025-03-12,equal_weight,-0.0013494570915069115
2025-03-13,equal_weight,-0.012334182121746171
2025-03-14,equal_weight,0.016182528335430543
2025-03-17,equal_weight,0.0094472638799512
2025-03-18,equal_weight,-0.008643043812395022
2025-03-19,equal_weight,0.009199334317754807
2025-03-20,equal_weight,-0.0043808248515566865
2025-03-21,equal_weight,-0.0020593827517681493
2025-03-24,equal_weight,0.013244868193119748
2025-03-25,equal_weight,0.0004868533782449074
2025-03-26,equal_weight,-0.005900008148159134
2025-03-27,equal_weight,-0.002359939428183784
2025-03-28,equal_weight,-0.019103080545781925
2025-03-31,equal_weight,0.010087455967586468
2025-04-01,equal_weight,-0.0006694645581073454
2025-04-02,equal_weight,0.004904075487453063
2025-04-03,equal_weight,-0.048405422362939314
2025-04-04,equal_weight,-0.05429537621034085
2025-04-07,equal_weight,-0.006795146380617023
2025-04-08,equal_weight,-0.015265778873788848
2025-04-09,equal_weight,0.0905376184283691
2025-04-10,equal_weight,-0.031544493429027536
2025-04-11,equal_weight,0.019041133650347347
2025-04-14,equal_weight,0.011064897616271429
2025-04-15,equal_weight,-0.0027494420184032368
2025-04-16,equal_weight,-0.021540176964222325
2025-04-17,equal_weight,0.010288954566942182
2025-04-21,equal_weight,-0.015646903179812318
2025-04-22,equal_weight,0.024536160500109302
2025-04-23,equal_weight,0.01194009638373965
2025-04-24,equal_weight,0.011375142427922138
2025-04-25,equal_weight,0.002860764703754181
2025-04-28,equal_weight,0.0004641032427267364
2025-04-29,equal_weight,0.005759684849408609
2025-04-30,equal_weight,0.0030769330714047233
2025-05-01,equal_weight,0.005902300648119526
2025-05-02,equal_weight,0.01446876995437968
2025-05-05,equal_weight,-0.0033499987274369612
2025-05-06,equal_weight,-0.004852395806186046
2025-05-07,equal_weight,0.014714051396815045
2025-05-08,equal_weight,0.004420467012287961
2025-05-09,equal_weight,-0.0020146443590352598
2025-05-12,equal_weight,0.028054636228997603
2025-05-13,equal_weight,0.0064500500888625975
2025-05-14,equal_weight,0.003971968685429512
2025-05-15,equal_weight,0.009616730100247084
2025-05-16,equal_weight,0.007209794598891721
2025-05-19,equal_weight,-0.0012357034803412623
2025-05-20,equal_weight,-0.002976374084220882
2025-05-21,equal_weight,-0.017327595886427478
2025-05-22,equal_weight,0.001098980832729479
2025-05-23,equal_weight,-0.006175546356376671
2025-05-27,equal_weight,0.020081910196504182
2025-05-28,equal_weight,-0.00667266688494402
2025-05-29,equal_weight,0.003280855618577842
2025-05-30,equal_weight,0.0006704614351363751
2025-06-02,equal_weight,0.004902880678837596
2025-06-03,equal_weight,0.00535340809437288
2025-06-04,equal_weight,-0.0008251558397092203
2025-06-05,equal_weight,-0.003584016705900457
2025-06-06,equal_weight,0.00808493905844126
2025-06-09,equal_weight,0.001253704174875825
2025-06-10,equal_weight,0.007506272369950539
2025-06-11,equal_weight,-0.00012758047654996352
2025-06-12,equal_weight,0.0011322046744153343
2025-06-13,equal_weight,-0.014418467901616541
2025-06-16,equal_weight,0.008460278394078502
2025-06-17,equal_weight,-0.008405721135433343
2025-06-18,equal_weight,-0.0011726489240500234
2025-06-20,equal_weight,-7.655116731747715e-05
2025-06-23,equal_weight,0.012038648830092166
2025-06-24,equal_weight,0.011609155296546847
2025-06-25,equal_weight,0.00042383279051874114
2025-06-26,equal_weight,0.008272223019748282
2025-06-27,equal_weight,0.015646956650355735
2025-06-30,equal_weight,0.008288624229181033
2025-07-01,equal_weight,0.0035926886002354943
2025-07-02,equal_weight,0.005362051668422814
2025-07-03,equal_weight,0.0081025109726937
2025-07-07,equal_weight,-0.006092064704738369
2025-07-08,equal_weight,-0.008623869921828516
2025-07-09,equal_weight,0.003395334932245145
2025-07-10,equal_weight,0.0054967875135382895
2025-07-11,equal_weight,-0.0064488882481657924
2025-07-14,equal_weight,0.0013776762649556258
2025-07-15,equal_weight,-0.0020393843770696966
2025-07-16,equal_weight,0.007235730814627953
2025-07-17,equal_weight,0.006281936428154371
2025-07-18,equal_weight,-0.0015662078564183375
2025-07-21,equal_weight,0.0013269782291849498
2025-07-22,equal_weight,0.001871500299538235
2025-07-23,equal_weight,0.00910848728335755
2025-07-24,equal_weight,-0.004947464099964301
2025-07-25,equal_weight,0.0045674203431872
2025-07-28,equal_weight,0.0014336281485184546
2025-07-29,equal_weight,-0.00018049509401122743
2025-07-30,equal_weight,-0.001634383248890151
2025-07-31,equal_weight,-0.006593561534383543
2025-08-01,equal_weight,-0.01024235230719941
2025-08-04,equal_weight,0.014097596354170442
2025-08-05,equal_weight,-0.006796326339560569
2025-08-06,equal_weight,0.00851707124533425
2025-08-07,equal_weight,-0.0043124350600208805
2025-08-08,equal_weight,0.004020003987931778
2025-08-11,equal_weight,-0.0036667522657081327
2025-08-12,equal_weight,0.006574367944062905
2025-08-13,equal_weight,0.005260754000240664
2025-08-14,equal_weight,0.000791495187463272
2025-08-15,equal_weight,-0.004028002515257612
2025-08-18,equal_weight,0.001195652443620965
2025-08-19,equal_weight,-0.0020082516673636695
2025-08-20,equal_weight,0.0016833189364381085
2025-08-21,equal_weight,-0.006307231197010813
2025-08-22,equal_weight,0.014228943956601
2025-08-25,equal_weight,-0.0043363809479776945
2025-08-26,equal_weight,0.0032525778455574066
2025-08-27,equal_weight,0.00160562823455026
2025-08-28,equal_weight,0.0005779901881342181
2025-08-29,equal_weight,-0.003791025772050616
2025-09-02,equal_weight,-0.006239516301385431
2025-09-03,equal_weight,0.00454929353220391
2025-09-04,equal_weight,0.008042571573214427
2025-09-05,equal_weight,-0.010415067223010402
2025-09-08,equal_weight,0.0033532435092076263
2025-09-09,equal_weight,0.00226177649439252
2025-09-10,equal_weight,-0.002395158288532228
2025-09-11,equal_weight,0.010064511135115757
2025-09-12,equal_weight,-0.001924252958054703
2025-09-15,equal_weight,0.0028372534193555087
2025-09-16,equal_weight,-0.001077791369593791
2025-09-17,equal_weight,0.00504731783322164
2025-09-18,equal_weight,0.0017879425149784612
2025-09-19,equal_weight,0.003673831241654687
2025-09-22,equal_weight,0.006632295821247313
2025-09-23,equal_weight,-0.003474480815860614
2025-09-24,equal_weight,-0.0024191175522607932
2025-09-25,equal_weight,0.0004018016143107594
2025-09-26,equal_weight,0.00494965800409526
2025-09-29,equal_weight,0.0036255649603212183
2025-09-30,equal_weight,0.0052295247227794805
2025-10-01,equal_weight,0.004403787345844804
2025-10-02,equal_weight,-0.0007213428448848019
2025-10-03,equal_weight,0.0033878312469825932
2025-10-06,equal_weight,-0.0008191295871407211
2025-10-07,equal_weight,-0.0023994769748536763
2025-10-08,equal_weight,0.00014977093328965736
2025-10-09,equal_weight,-0.0026898646261679223
2025-10-10,equal_weight,-0.01797664358431323
2025-10-13,equal_weight,0.012663248114730016
2025-10-14,equal_weight,0.0038512642643518946
2025-10-15,equal_weight,0.004707445080727091
2025-10-16,equal_weight,-0.008511492397332598
2025-10-17,equal_weight,0.006075401697437655
2025-10-20,equal_weight,0.008189707237979916
2025-10-21,equal_weight,0.0011290911844614275
2025-10-22,equal_weight,-0.0026340172084156066
2025-10-23,equal_weight,0.0011428973876538293
2025-10-24,equal_weight,0.010391137123013849
2025-10-27,equal_weight,0.008428993460402587
2025-10-28,equal_weight,0.0004691178841545494
2025-10-29,equal_weight,0.0010778421717462234
2025-10-30,equal_weight,0.0006015406188792408
2025-10-31,equal_weight,-0.0045113587959372484
2025-11-03,equal_weight,-0.005972201887023172
2025-11-04,equal_weight,-0.005888576620991389
2025-11-05,equal_weight,0.004117804390028334
2025-11-06,equal_weight,-0.005276729897368219
2025-11-07,equal_weight,-0.001000976090915665
2025-11-10,equal_weight,0.010562176018294523
2025-11-11,equal_weight,0.011723536335473395
2025-11-12,equal_weight,0.006785111845811446
2025-11-13,equal_weight,-0.018358405587093563
2025-11-14,equal_weight,-0.004324909700442244
2025-11-17,equal_weight,-0.009152987858227825
2025-11-18,equal_weight,-0.008056152988744106
2025-11-19,equal_weight,0.003233836194459487
2025-11-20,equal_weight,-0.005001204739697702
2025-11-21,equal_weight,0.007840574785580883
2025-11-24,equal_weight,0.004208508919160386
2025-11-25,equal_weight,0.010164551453767354
2025-11-26,equal_weight,0.008294721241699677
2025-11-28,equal_weight,0.005642169559583565
2025-12-01,equal_weight,-0.0025328497789496975
2025-12-02,equal_weight,8.089365170964611e-05
2025-12-03,equal_weight,0.005438802340990789
2025-12-04,equal_weight,0.002607542466717276
2025-12-05,equal_weight,0.0022236892910504273
2025-12-08,equal_weight,-0.0004967194942739741
2025-12-09,equal_weight,-0.002880092207015676
2025-12-10,equal_weight,0.009214183972815808
2025-12-11,equal_weight,0.012460285321208974
2025-12-12,equal_weight,-0.003812038333114603
2025-12-15,equal_weight,-0.0001024191115969697
2025-12-16,equal_weight,-0.006346117031816513
2025-12-17,equal_weight,-0.008162634239506533
2025-12-18,equal_weight,0.00244457293290737
2025-12-19,equal_weight,-0.0013512658699501956
2025-12-22,equal_weight,0.0024168774492694693
2025-12-23,equal_weight,0.0018450765543876146
2025-12-24,equal_weight,0.008200489050275744
2025-12-26,equal_weight,-0.00026123882813149367
2025-12-29,equal_weight,-0.0024721954447166116
2025-12-30,equal_weight,-0.0026501546620643374
2025-12-31,equal_weight,-0.0035141354238298486
2026-01-02,equal_weight,0.0018357522907951262
2026-01-05,equal_weight,0.0074111500467474315
2026-01-06,equal_weight,0.0065383795292200736
2026-01-07,equal_weight,-0.00951465874768202
2026-01-08,equal_weight,0.004964875493767444
2026-01-09,equal_weight,0.004555617184489002
2026-01-12,equal_weight,0.0032340154538403453
2026-01-13,equal_weight,-0.0036540879257438586
2026-01-14,equal_weight,-0.0015694724099246957
2026-01-15,equal_weight,0.00033943469330393797
2026-01-16,equal_weight,-0.0008258582862666604
2026-01-20,equal_weight,-0.01777822858336667
2026-01-21,equal_weight,0.009793671435118985
2026-01-22,equal_weight,0.001801166489627604
2026-01-23,equal_weight,-0.003082747756145499
2026-01-26,equal_weight,0.007555908249554847
2026-01-27,equal_weight,0.0012765874940834667
2026-01-28,equal_weight,0.0007204770204062371
2026-01-29,equal_weight,0.005077127022546117
2026-01-30,equal_weight,-0.0026471227811892817
2025-01-02,momentum_weekly,0.004393252634657412
2025-01-03,momentum_weekly,0.014373825900885696
2025-01-06,momentum_weekly,0.005629734406703957
2025-01-07,momentum_weekly,-0.011891421914077816
2025-01-08,momentum_weekly,-0.0024400439648555317
2025-01-10,momentum_weekly,-0.01232173332932547
2025-01-13,momentum_weekly,-5.17725663175205e-05
2025-01-14,momentum_weekly,0.005589202780522684
2025-01-15,momentum_weekly,0.021953177717008998
2025-01-16,momentum_weekly,0.0012012264172968302
2025-01-17,momentum_weekly,0.012019631240696561
2025-01-21,momentum_weekly,0.013927055121151444
2025-01-22,momentum_weekly,-0.00029639341409688487
2025-01-23,momentum_weekly,0.012723814596091156
2025-01-24,momentum_weekly,0.0036074147837407812
2025-01-27,momentum_weekly,0.00993078571677959
2025-01-28,momentum_weekly,1.86951005944902e-05
2025-01-29,momentum_weekly,0.0025905035387157275
2025-01-30,momentum_weekly,0.010900988326528749
2025-01-31,momentum_weekly,-0.004709591811649161
2025-02-03,momentum_weekly,0.006023826368481135
2025-02-04,momentum_weekly,0.006364615035037447
2025-02-05,momentum_weekly,0.010375611763102378
2025-02-06,momentum_weekly,0.0008918394258867538
2025-02-07,momentum_weekly,-0.005362494339574453
2025-02-10,momentum_weekly,-0.000861696901687403
2025-02-11,momentum_weekly,0.005431031825776178
2025-02-12,momentum_weekly,0.0044141745734819875
2025-02-13,momentum_weekly,0.008394211945405195
2025-02-14,momentum_weekly,0.00243671203641922
2025-02-18,momentum_weekly,0.008474958239256458
2025-02-19,momentum_weekly,-0.0011688614456038862
2025-02-20,momentum_weekly,-0.03207511037642501
2025-02-21,momentum_weekly,-0.01568767670080253
2025-02-24,momentum_weekly,-0.0033031677259890866
2025-02-25,momentum_weekly,0.006536028356614223
2025-02-26,momentum_weekly,-0.009212339943773018
2025-02-27,momentum_weekly,-0.0009642892667960589
2025-02-28,momentum_weekly,0.004355300406902041
2025-03-03,momentum_weekly,0.0020142527935198776
2025-03-04,momentum_weekly,-0.016570489292195022
2025-03-05,momentum_weekly,0.00023722171889963874
2025-03-06,momentum_weekly,-0.007795968838498558
2025-03-07,momentum_weekly,0.008628063154091436
2025-03-10,momentum_weekly,-0.013008555522910026
2025-03-11,momentum_weekly,-0.021814593079902897
2025-03-12,momentum_weekly,-0.010557189639588361
2025-03-13,momentum_weekly,-0.007658639520150424
2025-03-14,momentum_weekly,0.005543436212207388
2025-03-17,momentum_weekly,0.010952769180887901
2025-03-18,momentum_weekly,-0.005250301031285209
2025-03-19,momentum_weekly,0.007736194446092703
2025-03-20,momentum_weekly,-0.005998317783760343
2025-03-21,momentum_weekly,-0.00506175115055394
2025-03-24,momentum_weekly,0.009198448300154705
2025-03-25,momentum_weekly,0.0006922371599760172
2025-03-26,momentum_weekly,0.004403553972549923
2025-03-27,momentum_weekly,0.001482921154725059
2025-03-28,momentum_weekly,-0.01038541968776594
2025-03-31,momentum_weekly,0.016431427895528563
2025-04-01,momentum_weekly,-0.014872678666245509
2025-04-02,momentum_weekly,-0.0003555591809415225
2025-04-03,momentum_weekly,0.006022821648334521
2025-04-04,momentum_weekly,-0.05715345764104585
2025-04-07,momentum_weekly,-0.01003966013548854
2025-04-08,momentum_weekly,-0.007518135010408167
2025-04-09,momentum_weekly,0.03711641567791788
2025-04-10,momentum_weekly,-0.008449350378009826
2025-04-11,momentum_weekly,0.018599131636931564
2025-04-14,momentum_weekly,0.014412934879351847
2025-04-15,momentum_weekly,-0.0031111858738648744
2025-04-16,momentum_weekly,-0.006724764499201852
2025-04-17,momentum_weekly,0.00889554905382235
2025-04-21,momentum_weekly,-0.010925820420139544
2025-04-22,momentum_weekly,0.021897833879544047
2025-04-23,momentum_weekly,0.000590199519807544
2025-04-24,momentum_weekly,-0.01648314845899961
2025-04-25,momentum_weekly,0.0005592239989826277
2025-04-28,momentum_weekly,0.00533006350327987
2025-04-29,momentum_weekly,0.005934387205906178
2025-04-30,momentum_weekly,0.008701946709032704
2025-05-01,momentum_weekly,-0.013152923307554954
2025-05-02,momentum_weekly,0.010011099733446672
2025-05-05,momentum_weekly,0.004670358863377721
2025-05-06,momentum_weekly,-0.0005376530004537861
2025-05-07,momentum_weekly,0.007461571212415376
2025-05-08,momentum_weekly,-0.005363776722776525
2025-05-09,momentum_weekly,-0.0025768509315752253
2025-05-12,momentum_weekly,0.0026444182614531195
2025-05-13,momentum_weekly,-0.010664469712655002
2025-05-14,momentum_weekly,0.004257561681317857
2025-05-15,momentum_weekly,0.016410879454856576
2025-05-16,momentum_weekly,0.005347800775917744
2025-05-19,momentum_weekly,0.003250471228399299
2025-05-20,momentum_weekly,-0.0031690726385715127
2025-05-21,momentum_weekly,-0.013510612696224824
2025-05-22,momentum_weekly,-0.004411494799856342
2025-05-23,momentum_weekly,-0.0023949398553462678
2025-05-27,momentum_weekly,0.01175438534772777
2025-05-28,momentum_weekly,-0.0065733581963175036
2025-05-29,momentum_weekly,0.008849443451213813
2025-05-30,momentum_weekly,-0.004422919455343211
2025-06-02,momentum_weekly,0.0025544317700566975
2025-06-03,momentum_weekly,0.008878031680366761
2025-06-04,momentum_weekly,0.001984933921755583
2025-06-05,momentum_weekly,-0.002854501330275561
2025-06-06,momentum_weekly,0.009899977716188335
2025-06-09,momentum_weekly,0.003516671153630791
2025-06-10,momentum_weekly,0.007747052317559079
2025-06-11,momentum_weekly,0.004061685126899973
2025-06-12,momentum_weekly,0.00412895299405176
2025-06-13,momentum_weekly,-0.01309682886835537
2025-06-16,momentum_weekly,0.016951948331283308
2025-06-17,momentum_weekly,-0.005150771232013685
2025-06-18,momentum_weekly,0.009039305843449252
2025-06-20,momentum_weekly,-0.0013041341289699916
2025-06-23,momentum_weekly,0.008527591380583477
2025-06-24,momentum_weekly,0.016111593626162525
2025-06-25,momentum_weekly,0.0151824727750971
2025-06-26,momentum_weekly,0.014905584099610668
2025-06-27,momentum_weekly,0.003698666683404173
2025-06-30,momentum_weekly,0.012038659130106044
2025-07-01,momentum_weekly,-0.011724332056889587
2025-07-02,momentum_weekly,0.004168542680263964
2025-07-03,momentum_weekly,0.012653188132688075
2025-07-07,momentum_weekly,-0.00963119174445999
2025-07-08,momentum_weekly,-0.010528767831585807
2025-07-09,momentum_weekly,0.004450482592734262
2025-07-10,momentum_weekly,0.009426052893402105
2025-07-11,momentum_weekly,-0.003146416139896879
2025-07-14,momentum_weekly,0.0011118633018190722
2025-07-15,momentum_weekly,0.0039624567225101
2025-07-16,momentum_weekly,0.007987097016729906
2025-07-17,momentum_weekly,0.00996984868119635
2025-07-18,momentum_weekly,-0.0040199430596938425
2025-07-21,momentum_weekly,-0.0038179130099631033
2025-07-22,momentum_weekly,-0.0047015432808918504
2025-07-23,momentum_weekly,0.01770505674755296
2025-07-24,momentum_weekly,0.0052021017596044945
2025-07-25,momentum_weekly,0.0047393497999216995
2025-07-28,momentum_weekly,-0.0003716073847082279
2025-07-29,momentum_weekly,-0.0011729827674542336
2025-07-30,momentum_weekly,0.005485699896804853
2025-07-31,momentum_weekly,0.005450755070503788
2025-08-01,momentum_weekly,-0.020553096350601055
2025-08-04,momentum_weekly,0.019277388461792125
2025-08-05,momentum_weekly,-0.006001508613926232
2025-08-06,momentum_weekly,-0.0030011580944073087
2025-08-07,momentum_weekly,-0.01180237441954697
2025-08-08,momentum_weekly,0.00104509934639494
2025-08-11,momentum_weekly,-0.00585695389147478
2025-08-12,momentum_weekly,0.015203548698986236
2025-08-13,momentum_weekly,0.0019867783132166755
2025-08-14,momentum_weekly,0.001616259105134232
2025-08-15,momentum_weekly,-0.010153451790663471
2025-08-18,momentum_weekly,0.004727041893551732
2025-08-19,momentum_weekly,-0.007610416505234974
2025-08-20,momentum_weekly,0.0012525655042410434
2025-08-21,momentum_weekly,-0.003184615214900011
2025-08-22,momentum_weekly,0.025374336937906385
2025-08-25,momentum_weekly,0.0006964562639589999
2025-08-26,momentum_weekly,0.0024356540349178336
2025-08-27,momentum_weekly,-0.0005012935413114318
2025-08-28,momentum_weekly,-0.002000559829647619
2025-08-29,momentum_weekly,-0.0139256537034272
2025-09-02,momentum_weekly,-0.018444260909940002
2025-09-03,momentum_weekly,0.008115675974238923
2025-09-04,momentum_weekly,0.011428012371579664
2025-09-05,momentum_weekly,-0.010796948677403396
2025-09-08,momentum_weekly,0.0015282217826830813
2025-09-09,momentum_weekly,0.0021912693724506667
2025-09-10,momentum_weekly,0.006797008487463519
2025-09-11,momentum_weekly,0.010846361281538375
2025-09-12,momentum_weekly,-0.0004575870428565221
2025-09-15,momentum_weekly,0.006017017939234836
2025-09-16,momentum_weekly,-0.0009135049523930627
2025-09-17,momentum_weekly,0.000993001870287169
2025-09-18,momentum_weekly,0.01525300798371514
2025-09-19,momentum_weekly,0.0035298151281871306
2025-09-22,momentum_weekly,0.020098514483655364
2025-09-23,momentum_weekly,-0.008080248433002058
2025-09-24,momentum_weekly,-0.006554406020509119
2025-09-25,momentum_weekly,-0.0031280098030280535
2025-09-26,momentum_weekly,0.0024972799704598763
2025-09-29,momentum_weekly,0.006907389439109669
2025-09-30,momentum_weekly,0.009760721596434775
2025-10-01,momentum_weekly,0.0008470015925752471
2025-10-02,momentum_weekly,0.005497300619799739
2025-10-03,momentum_weekly,0.00789613863844485
2025-10-06,momentum_weekly,-0.003027740950862668
2025-10-07,momentum_weekly,-0.005216724462999168
2025-10-08,momentum_weekly,0.009482443990446066
2025-10-09,momentum_weekly,0.002196773341673719
2025-10-10,momentum_weekly,-0.024675873338381706
2025-10-13,momentum_weekly,0.019117741800399067
2025-10-14,momentum_weekly,-0.003841689052522269
2025-10-15,momentum_weekly,0.003141053164733899
2025-10-16,momentum_weekly,0.0017050001282435275
2025-10-17,momentum_weekly,-0.00045470735923633984
2025-10-20,momentum_weekly,0.013250228179098114
2025-10-21,momentum_weekly,-0.006841917391561014
2025-10-22,momentum_weekly,-0.008334394599394244
2025-10-23,momentum_weekly,0.004089169437543894
2025-10-24,momentum_weekly,0.008728296221000286
2025-10-27,momentum_weekly,0.004470235805291555
2025-10-28,momentum_weekly,0.004844790777379472
2025-10-29,momentum_weekly,0.02662600380922773
2025-10-30,momentum_weekly,0.00027887708758629354
2025-10-31,momentum_weekly,-0.005073167662142942
2025-11-03,momentum_weekly,-0.0034587660234393757
2025-11-04,momentum_weekly,-0.01714929220708461
2025-11-05,momentum_weekly,0.0074644877890352145
2025-11-06,momentum_weekly,-0.002630973514168633
2025-11-07,momentum_weekly,-0.007528553880281863
2025-11-10,momentum_weekly,0.02012907130121424
2025-11-11,momentum_weekly,0.01101867202536715
2025-11-12,momentum_weekly,0.0049155038963901495
2025-11-13,momentum_weekly,-0.019539347019993228
2025-11-14,momentum_weekly,-0.0027746720476016454
2025-11-17,momentum_weekly,-0.008331792853435504
2025-11-18,momentum_weekly,-0.006335385145705108
2025-11-19,momentum_weekly,0.007142876956426748
2025-11-20,momentum_weekly,-0.005522150758037081
2025-11-21,momentum_weekly,0.011262063545846425
2025-11-24,momentum_weekly,0.01750590721180223
2025-11-25,momentum_weekly,0.010829232317233229
2025-11-26,momentum_weekly,0.006884300195554705
2025-11-28,momentum_weekly,0.007154661563702014
2025-12-01,momentum_weekly,-0.0011937366187177558
2025-12-02,momentum_weekly,0.006367109624448153
2025-12-03,momentum_weekly,0.005699019408229011
2025-12-04,momentum_weekly,0.0016864166067989794
2025-12-05,momentum_weekly,-0.00013161846689588872
2025-12-08,momentum_weekly,-0.005044923089233011
2025-12-09,momentum_weekly,0.0006075557607859495
2025-12-10,momentum_weekly,0.012941713968935844
2025-12-11,momentum_weekly,0.009057230462974752
2025-12-12,momentum_weekly,-0.005697381795310872
2025-12-15,momentum_weekly,-0.003489178994701048
2025-12-16,momentum_weekly,-0.010361367217621797
2025-12-17,momentum_weekly,-0.011875049527383143
2025-12-18,momentum_weekly,-0.0012430803209391608
2025-12-19,momentum_weekly,0.007171195366037919
2025-12-22,momentum_weekly,0.00353430746425607
2025-12-23,momentum_weekly,0.0008005838642783478
2025-12-24,momentum_weekly,0.006009679629563203
2025-12-26,momentum_weekly,-0.0006450681760966192
2025-12-29,momentum_weekly,-0.0030099365200031646
2025-12-30,momentum_weekly,-0.006285548049430357
2025-12-31,momentum_weekly,-0.007530930791415246
2026-01-02,momentum_weekly,0.018942205986178177
2026-01-05,momentum_weekly,0.007582912888136906
2026-01-06,momentum_weekly,0.0034469252116745347
2026-01-07,momentum_weekly,-0.013297409427740603
2026-01-08,momentum_weekly,0.0005297667386864768
2026-01-09,momentum_weekly,0.004705497181010388
2026-01-12,momentum_weekly,0.014553024051983334
2026-01-13,momentum_weekly,-0.000830815626257508
2026-01-14,momentum_weekly,0.0016353078457865377
2026-01-15,momentum_weekly,0.012337976138541065
2026-01-16,momentum_weekly,0.002061907012870745
2026-01-20,momentum_weekly,-0.020384559648056726
2026-01-21,momentum_weekly,0.012412980209789029
2026-01-22,momentum_weekly,-0.0027693185386193256
2026-01-23,momentum_weekly,-0.014387842320215529
2026-01-26,momentum_weekly,0.005388238045797602
2026-01-27,momentum_weekly,0.004153523666858816
2026-01-28,momentum_weekly,0.008365875957501025
2026-01-29,momentum_weekly,0.009631511041420349
2026-01-30,momentum_weekly,-0.0018930174618379432
2025-01-02,invvol_weekly,-0.004515129486426167
2025-01-03,invvol_weekly,0.0069263409603292
2025-01-06,invvol_weekly,-0.0006846033454035007
2025-01-07,invvol_weekly,-0.003966144158131905
2025-01-08,invvol_weekly,-0.0028991749736966984
2025-01-10,invvol_weekly,-0.013491408098062017
2025-01-13,invvol_weekly,0.003020611687010707
2025-01-14,invvol_weekly,0.0019696014164985267
2025-01-15,invvol_weekly,0.012839266471605177
2025-01-16,invvol_weekly,-0.0008255860910597768
2025-01-17,invvol_weekly,0.007982559714754735
2025-01-21,invvol_weekly,0.009204228702392552
2025-01-22,invvol_weekly,0.002283064129054838
2025-01-23,invvol_weekly,0.008634750018218923
2025-01-24,invvol_weekly,0.00021588294907881416
2025-01-27,invvol_weekly,0.006631783176110301
2025-01-28,invvol_weekly,0.0012184568787704728
2025-01-29,invvol_weekly,0.003158784993353946
2025-01-30,invvol_weekly,0.013440196818677185
2025-01-31,invvol_weekly,-0.007189371522450245
2025-02-03,invvol_weekly,-0.0015307793593578593
2025-02-04,invvol_weekly,0.0034534627904156665
2025-02-05,invvol_weekly,0.0023165565786719914
2025-02-06,invvol_weekly,0.00510657354951146
2025-02-07,invvol_weekly,-0.007796520809651621
2025-02-10,invvol_weekly,0.008064140970558097
2025-02-11,invvol_weekly,0.007285651400631715
2025-02-12,invvol_weekly,0.001226903143999475
2025-02-13,invvol_weekly,0.009516467502740098
2025-02-14,invvol_weekly,-0.00044733200138088395
2025-02-18,invvol_weekly,0.005532295747369842
2025-02-19,invvol_weekly,0.0021528017126352036
2025-02-20,invvol_weekly,-0.014529827921071437
2025-02-21,invvol_weekly,-0.010437211253042636
2025-02-24,invvol_weekly,0.0014267808998330554
2025-02-25,invvol_weekly,0.0013926102966436385
2025-02-26,invvol_weekly,-0.004091316876560523
2025-02-27,invvol_weekly,-0.004513563060420199
2025-02-28,invvol_weekly,0.014075790161299642
2025-03-03,invvol_weekly,-0.011867704998984034
2025-03-04,invvol_weekly,-0.01571149377549686
2025-03-05,invvol_weekly,0.008524759330304155
2025-03-06,invvol_weekly,-0.01225684731739465
2025-03-07,invvol_weekly,0.007821348239681844
2025-03-10,invvol_weekly,-0.02278543595544345
2025-03-11,invvol_weekly,-0.01734270519342551
2025-03-12,invvol_weekly,-0.0037108932036765867
2025-03-13,invvol_weekly,-0.011988529494076217
2025-03-14,invvol_weekly,0.014315736127748308
2025-03-17,invvol_weekly,0.009125504329851828
2025-03-18,invvol_weekly,-0.007087424329386105
2025-03-19,invvol_weekly,0.008214480795218389
2025-03-20,invvol_weekly,-0.004285462511670073
2025-03-21,invvol_weekly,-0.00169400900581408
2025-03-24,invvol_weekly,0.011849201199065518
2025-03-25,invvol_weekly,-4.616157029066048e-05
2025-03-26,invvol_weekly,-0.0023091607143152443
2025-03-27,invvol_weekly,6.764439342042537e-05
2025-03-28,invvol_weekly,-0.01735098653405839
2025-03-31,invvol_weekly,0.011174504520335577
2025-04-01,invvol_weekly,-0.006169676247570438
2025-04-02,invvol_weekly,0.004738285203045739
2025-04-03,invvol_weekly,-0.03844641492588703
2025-04-04,invvol_weekly,-0.05206491499072882
2025-04-07,invvol_weekly,-0.009095338638575642
2025-04-08,invvol_weekly,-0.013661596277927832
2025-04-09,invvol_weekly,0.08208638146543193
2025-04-10,invvol_weekly,-0.026056050822395763
2025-04-11,invvol_weekly,0.01862789530414489
2025-04-14,invvol_weekly,0.0111593859070576
2025-04-15,invvol_weekly,-0.0040110262943954455
2025-04-16,invvol_weekly,-0.017701703270350106
2025-04-17,invvol_weekly,0.010470248503712238
2025-04-21,invvol_weekly,-0.01392989584565102
2025-04-22,invvol_weekly,0.023883725913190566
2025-04-23,invvol_weekly,0.00844071068182611
2025-04-24,invvol_weekly,0.005835228875140125
2025-04-25,invvol_weekly,0.0015003821001237797
2025-04-28,invvol_weekly,0.001317887754054021
2025-04-29,invvol_weekly,0.0055398760392473415
2025-04-30,invvol_weekly,0.004563849951496968
2025-05-01,invvol_weekly,0.002389988814837746
2025-05-02,invvol_weekly,0.013020300328877004
2025-05-05,invvol_weekly,-0.0009631740863916781
2025-05-06,invvol_weekly,-0.0040228355867303
2025-05-07,invvol_weekly,0.01279772872496397
2025-05-08,invvol_weekly,-0.00021566179479858493
2025-05-09,invvol_weekly,-0.003058519562407874
2025-05-12,invvol_weekly,0.01739507411082021
2025-05-13,invvol_weekly,-0.000758624800224409
2025-05-14,invvol_weekly,0.002417653610950622
2025-05-15,invvol_weekly,0.011948887097754154
2025-05-16,invvol_weekly,0.007656762607880685
2025-05-19,invvol_weekly,-0.0004477110595102577
2025-05-20,invvol_weekly,-0.002582977635481935
2025-05-21,invvol_weekly,-0.01632860035678072
2025-05-22,invvol_weekly,-0.00010999066457127602
2025-05-23,invvol_weekly,-0.004701054394930999
2025-05-27,invvol_weekly,0.01797877782409542
2025-05-28,invvol_weekly,-0.006086709179552193
2025-05-29,invvol_weekly,0.0028586027241546894
2025-05-30,invvol_weekly,0.002556069523083683
2025-06-02,invvol_weekly,0.00434165195006936
2025-06-03,invvol_weekly,0.00378458465771574
2025-06-04,invvol_weekly,-0.0012567574918378507
2025-06-05,invvol_weekly,-0.0035530552789579005
2025-06-06,invvol_weekly,0.007029235790512277
2025-06-09,invvol_weekly,0.0006791729063274157
2025-06-10,invvol_weekly,0.004996017084889429
2025-06-11,invvol_weekly,0.0001837232697424261
2025-06-12,invvol_weekly,0.001180173869876129
2025-06-13,invvol_weekly,-0.01349655693902547
2025-06-16,invvol_weekly,0.007195210982713898
2025-06-17,invvol_weekly,-0.007482862334227865
2025-06-18,invvol_weekly,-0.0015581834142673963
2025-06-20,invvol_weekly,-0.000832245921448222
2025-06-23,invvol_weekly,0.012147432465269607
2025-06-24,invvol_weekly,0.010331496622351527
2025-06-25,invvol_weekly,-0.0011099857182341427
2025-06-26,invvol_weekly,0.006568681313777785
2025-06-27,invvol_weekly,0.010743286202251142
2025-06-30,invvol_weekly,0.008016791081610216
2025-07-01,invvol_weekly,0.0038864862505424086
2025-07-02,invvol_weekly,0.002869423970329725
2025-07-03,invvol_weekly,0.008100174858172174
2025-07-07,invvol_weekly,-0.006236473967175729
2025-07-08,invvol_weekly,-0.007669901266875124
2025-07-09,invvol_weekly,0.0033117203415714805
2025-07-10,invvol_weekly,0.0048781274396228706
2025-07-11,invvol_weekly,-0.004688235899021747
2025-07-14,invvol_weekly,0.0013135704936843619
2025-07-15,invvol_weekly,-0.0026153569346855994
2025-07-16,invvol_weekly,0.00808010513787414
2025-07-17,invvol_weekly,0.006495328274570278
2025-07-18,invvol_weekly,-0.001624646427457918
2025-07-21,invvol_weekly,0.00046361129848370607
2025-07-22,invvol_weekly,0.0009468295444014756
2025-07-23,invvol_weekly,0.007634848032397352
2025-07-24,invvol_weekly,-0.004046566029668789
2025-07-25,invvol_weekly,0.004313913805789708
2025-07-28,invvol_weekly,-0.0012844076334174981
2025-07-29,invvol_weekly,0.00016835538393731502
2025-07-30,invvol_weekly,-0.0012489954620831512
2025-07-31,invvol_weekly,-0.003483059888672888
2025-08-01,invvol_weekly,-0.011067005308140296
2025-08-04,invvol_weekly,0.01343609283193421
2025-08-05,invvol_weekly,-0.0069026081098833994
2025-08-06,invvol_weekly,0.010026487965466973
2025-08-07,invvol_weekly,-0.0033163455627591653
2025-08-08,invvol_weekly,0.005352636870592276
2025-08-11,invvol_weekly,-0.002815316058131774
2025-08-12,invvol_weekly,0.006918917643733956
2025-08-13,invvol_weekly,0.0036173379233837427
2025-08-14,invvol_weekly,0.0012663236752830857
2025-08-15,invvol_weekly,-0.004559199592072499
2025-08-18,invvol_weekly,0.0006014567239402794
2025-08-19,invvol_weekly,-0.0013190668727643537
2025-08-20,invvol_weekly,0.0022918603125256887
2025-08-21,invvol_weekly,-0.005961437862363237
2025-08-22,invvol_weekly,0.012984401145726018
2025-08-25,invvol_weekly,-0.0048810583115626895
2025-08-26,invvol_weekly,0.0030243240117265933
2025-08-27,invvol_weekly,0.001556570915682911
2025-08-28,invvol_weekly,0.00034302799085057496
2025-08-29,invvol_weekly,-0.002508869288136412
2025-09-02,invvol_weekly,-0.005153441479724903
2025-09-03,invvol_weekly,0.0035709801713260086
2025-09-04,invvol_weekly,0.006967785946341517
2025-09-05,invvol_weekly,-0.01051358319375869
2025-09-08,invvol_weekly,0.002511804597865019
2025-09-09,invvol_weekly,0.0015070028493011584
2025-09-10,invvol_weekly,-0.0037030786423233298
2025-09-11,invvol_weekly,0.009749779803210385
2025-09-12,invvol_weekly,-0.0024340804736653937
2025-09-15,invvol_weekly,0.0014718388008365382
2025-09-16,invvol_weekly,-0.0011903691092571432
2025-09-17,invvol_weekly,0.005308777004607959
2025-09-18,invvol_weekly,-0.0013436128142839312
2025-09-19,invvol_weekly,0.00428467093466991
2025-09-22,invvol_weekly,0.003808888945568767
2025-09-23,invvol_weekly,-0.001993463325125834
2025-09-24,invvol_weekly,-0.0016988154967350186
2025-09-25,invvol_weekly,-0.00037955330677617036
2025-09-26,invvol_weekly,0.005194660009896812
2025-09-29,invvol_weekly,0.003193695799268514
2025-09-30,invvol_weekly,0.004525544585574622
2025-10-01,invvol_weekly,0.003223695610175632
2025-10-02,invvol_weekly,-0.0019907074095107126
2025-10-03,invvol_weekly,0.0036887540806690242
2025-10-06,invvol_weekly,-0.0005173477493764437
2025-10-07,invvol_weekly,-0.0016948330027526475
2025-10-08,invvol_weekly,-0.0005491545920162065
2025-10-09,invvol_weekly,-0.002345370170944492
2025-10-10,invvol_weekly,-0.015294963040063787
2025-10-13,invvol_weekly,0.011726116546157184
2025-10-14,invvol_weekly,0.007708435437294746
2025-10-15,invvol_weekly,0.004591068087381396
2025-10-16,invvol_weekly,-0.009057031859339839
2025-10-17,invvol_weekly,0.00653123622810338
2025-10-20,invvol_weekly,0.006803861612852354
2025-10-21,invvol_weekly,0.002738709014893825
2025-10-22,invvol_weekly,-0.0022582437952510396
2025-10-23,invvol_weekly,-0.00041242579317459795
2025-10-24,invvol_weekly,0.0066022976009784485
2025-10-27,invvol_weekly,0.007933073521887058
2025-10-28,invvol_weekly,-0.0008970269677459556
2025-10-29,invvol_weekly,-0.0014431558490616138
2025-10-30,invvol_weekly,0.0008125049369624777
2025-10-31,invvol_weekly,-0.004437489108238061
2025-11-03,invvol_weekly,-0.006014725319090137
2025-11-04,invvol_weekly,-0.002580108077528548
2025-11-05,invvol_weekly,0.0026936023977061534
2025-11-06,invvol_weekly,-0.005632302338682536
2025-11-07,invvol_weekly,0.0002244735193386683
2025-11-10,invvol_weekly,0.00905323567916719
2025-11-11,invvol_weekly,0.014072788737282887
2025-11-12,invvol_weekly,0.006071962728493823
2025-11-13,invvol_weekly,-0.01677793146013808
2025-11-14,invvol_weekly,-0.004773463111962131
2025-11-17,invvol_weekly,-0.007027628307838493
2025-11-18,invvol_weekly,-0.0078729170391772
2025-11-19,invvol_weekly,0.0022245935279660363
2025-11-20,invvol_weekly,0.00031467533850513055
2025-11-21,invvol_weekly,0.006538108123238556
2025-11-24,invvol_weekly,0.0028324746986535445
2025-11-25,invvol_weekly,0.010652547386144571
2025-11-26,invvol_weekly,0.007394117285094138
2025-11-28,invvol_weekly,0.005839537876018023
2025-12-01,invvol_weekly,-0.004052843229354933
2025-12-02,invvol_weekly,-0.0007870442482448981
2025-12-03,invvol_weekly,0.004267813531840156
2025-12-04,invvol_weekly,0.00040017007371452975
2025-12-05,invvol_weekly,0.00197271155840892
2025-12-08,invvol_weekly,-0.0012028581163316969
2025-12-09,invvol_weekly,-0.0034043586107579656
2025-12-10,invvol_weekly,0.008776797109829594
2025-12-11,invvol_weekly,0.011731931768460262
2025-12-12,invvol_weekly,-0.0015322547998261157
2025-12-15,invvol_weekly,-0.00014004695892136306
2025-12-16,invvol_weekly,-0.007054318288045326
2025-12-17,invvol_weekly,-0.006924419929371406
2025-12-18,invvol_weekly,0.0023811924752977524
2025-12-19,invvol_weekly,-0.0005946105732724663
2025-12-22,invvol_weekly,0.002470047326705152
2025-12-23,invvol_weekly,0.0013545979034390678
2025-12-24,invvol_weekly,0.006504368994280801
2025-12-26,invvol_weekly,-0.0011242654431375787
2025-12-29,invvol_weekly,-0.0018134262447870061
2025-12-30,invvol_weekly,-0.002712323126401222
2025-12-31,invvol_weekly,-0.0054428990608055795
2026-01-02,invvol_weekly,-0.0006697004490794306
2026-01-05,invvol_weekly,0.00406113323408998
2026-01-06,invvol_weekly,0.005366327889476508
2026-01-07,invvol_weekly,-0.007406073932287347
2026-01-08,invvol_weekly,0.004515368470363226
2026-01-09,invvol_weekly,0.004464836964217826
2026-01-12,invvol_weekly,0.003336137746582933
2026-01-13,invvol_weekly,-0.0025618900600023666
2026-01-14,invvol_weekly,-0.0014126077013255748
2026-01-15,invvol_weekly,-0.0012747517492613428
2026-01-16,invvol_weekly,-0.0015983802001091497
2026-01-20,invvol_weekly,-0.01703207048307741
2026-01-21,invvol_weekly,0.007575333515374497
2026-01-22,invvol_weekly,0.002250251122167781
2026-01-23,invvol_weekly,-0.0001518465938369699
2026-01-26,invvol_weekly,0.007636782005480606
2026-01-27,invvol_weekly,0.0028104893757179283
2026-01-28,invvol_weekly,0.00021837224998895907
2026-01-29,invvol_weekly,0.0029945711475721213
2026-01-30,invvol_weekly,-0.0013911550845830249
2025-01-02,llm_daily_posaware,-0.006936352271180159
2025-01-03,llm_daily_posaware,0.010072518383618771
2025-01-06,llm_daily_posaware,0.0049917282784407175
2025-01-07,llm_daily_posaware,-0.02183275184744477
2025-01-08,llm_daily_posaware,-0.0005668644505258226
2025-01-10,llm_daily_posaware,-0.012121733329325469
2025-01-13,llm_daily_posaware,-0.0029711689096119202
2025-01-14,llm_daily_posaware,0.006680233986187606
2025-01-15,llm_daily_posaware,0.02066170806266141
2025-01-16,llm_daily_posaware,0.006941138777908929
2025-01-17,llm_daily_posaware,0.01629718995855637
2025-01-21,llm_daily_posaware,0.013888929967860696
2025-01-22,llm_daily_posaware,-0.001151893895290068
2025-01-23,llm_daily_posaware,0.010975128594921866
2025-01-24,llm_daily_posaware,-0.001670392140107185
2025-01-27,llm_daily_posaware,-0.0033378924119847604
2025-01-28,llm_daily_posaware,0.0029042735476855876
2025-01-29,llm_daily_posaware,0.0002976154641039731
2025-01-30,llm_daily_posaware,0.011222577234843722
2025-01-31,llm_daily_posaware,-0.007838411405566036
2025-02-03,llm_daily_posaware,0.004100426888748405
2025-02-04,llm_daily_posaware,0.0076277707070362966
2025-02-05,llm_daily_posaware,0.007693013448104319
2025-02-06,llm_daily_posaware,-0.0066303602451184985
2025-02-07,llm_daily_posaware,-0.00816793949221667
2025-02-10,llm_daily_posaware,-0.0010616969016874031
2025-02-11,llm_daily_posaware,0.0044337430531606655
2025-02-12,llm_daily_posaware,0.005257091230064287
2025-02-13,llm_daily_posaware,0.008469723369544602
2025-02-14,llm_daily_posaware,0.0022149764545226994
2025-02-18,llm_daily_posaware,0.007451466437748337
2025-02-19,llm_daily_posaware,0.00017964761801065866
2025-02-20,llm_daily_posaware,-0.027002974318710755
2025-02-21,llm_daily_posaware,-0.005678457375275524
2025-02-24,llm_daily_posaware,-0.0006326049209780864
2025-02-25,llm_daily_posaware,0.002563658632588856
2025-02-26,llm_daily_posaware,-0.009622712294238566
2025-02-27,llm_daily_posaware,-0.0018564352393714895
2025-02-28,llm_daily_posaware,0.004534575784996603
2025-03-03,llm_daily_posaware,0.0023764772448356345
2025-03-04,llm_daily_posaware,-0.020751781746634477
2025-03-05,llm_daily_posaware,-0.0011986581433593602
2025-03-06,llm_daily_posaware,-0.0067557127271205535
2025-03-07,llm_daily_posaware,0.019189305094332077
2025-03-10,llm_daily_posaware,-0.004905521628571696
2025-03-11,llm_daily_posaware,-0.017907188016838913
2025-03-12,llm_daily_posaware,-0.01192214792077449
2025-03-13,llm_daily_posaware,-0.006616040940944112
2025-03-14,llm_daily_posaware,0.002756627220322427
2025-03-17,llm_daily_posaware,0.008956423452916829
2025-03-18,llm_daily_posaware,-0.004134069847470395
2025-03-19,llm_daily_posaware,0.002339324530519971
2025-03-20,llm_daily_posaware,-0.003259694263587892
2025-03-21,llm_daily_posaware,-0.006520745254610271
2025-03-24,llm_daily_posaware,0.005518033585567162
2025-03-25,llm_daily_posaware,-0.0036662477915696485
2025-03-26,llm_daily_posaware,0.009309089689717576
2025-03-27,llm_daily_posaware,0.003033739024975413
2025-03-28,llm_daily_posaware,-0.009005442960693177
2025-03-31,llm_daily_posaware,0.01699575654036068
2025-04-01,llm_daily_posaware,-0.021359153879430798
2025-04-02,llm_daily_posaware,-0.0019913103679799144
2025-04-03,llm_daily_posaware,0.008406189394070007
2025-04-04,llm_daily_posaware,-0.053274783120660404
2025-04-07,llm_daily_posaware,-0.013090533288849182
2025-04-08,llm_daily_posaware,-0.006101675559909337
2025-04-09,llm_daily_posaware,0.03194465925805329
2025-04-10,llm_daily_posaware,-0.005294940172030416
2025-04-11,llm_daily_posaware,0.01630155975765402
2025-04-14,llm_daily_posaware,0.014661117455532703
2025-04-15,llm_daily_posaware,-0.004529994936432301
2025-04-16,llm_daily_posaware,-0.010956139803609117
2025-04-17,llm_daily_posaware,0.010560568420501126
2025-04-21,llm_daily_posaware,-0.006364431821958365
2025-04-22,llm_daily_posaware,0.01987233979511327
2025-04-23,llm_daily_posaware,-0.0024455410309942973
2025-04-24,llm_daily_posaware,-0.014056480559646551
2025-04-25,llm_daily_posaware,-0.004519023454457272
2025-04-28,llm_daily_posaware,0.0014596562656219614
2025-04-29,llm_daily_posaware,0.00549628087840604
2025-04-30,llm_daily_posaware,0.007898103764442898
2025-05-01,llm_daily_posaware,-0.014278251548901461
2025-05-02,llm_daily_posaware,0.0117872062122297
2025-05-05,llm_daily_posaware,0.002318033662526337
2025-05-06,llm_daily_posaware,-0.0034216413069348417
2025-05-07,llm_daily_posaware,0.005737373914705002
2025-05-08,llm_daily_posaware,0.0033288031945746537
2025-05-09,llm_daily_posaware,5.7622396526624644e-05
2025-05-12,llm_daily_posaware,0.02198788868045279
2025-05-13,llm_daily_posaware,0.008905679601047323
2025-05-14,llm_daily_posaware,0.00445359196724197
2025-05-15,llm_daily_posaware,0.0007671524624020882
2025-05-16,llm_daily_posaware,0.0070153919881191405
2025-05-19,llm_daily_posaware,-8.443199546092055e-05
2025-05-20,llm_daily_posaware,-0.004844898314611984
2025-05-21,llm_daily_posaware,-0.017705069125170957
2025-05-22,llm_daily_posaware,0.004043350547741425
2025-05-23,llm_daily_posaware,-0.011026028730510095
2025-05-27,llm_daily_posaware,0.023891459812678862
2025-05-28,llm_daily_posaware,-0.007614062196692362
2025-05-29,llm_daily_posaware,0.007924526627509034
2025-05-30,llm_daily_posaware,-0.009314569666144284
2025-06-02,llm_daily_posaware,0.005484189116372978
2025-06-03,llm_daily_posaware,0.012482701284128817
2025-06-04,llm_daily_posaware,0.002380657195344765
2025-06-05,llm_daily_posaware,-0.0027020869554765397
2025-06-06,llm_daily_posaware,0.009545394825606185
2025-06-09,llm_daily_posaware,0.0059357892016466685
2025-06-10,llm_daily_posaware,0.006080213746740072
2025-06-11,llm_daily_posaware,0.0015191055716072875
2025-06-12,llm_daily_posaware,0.008767440403076327
2025-06-13,llm_daily_posaware,-0.0135476260881155
2025-06-16,llm_daily_posaware,0.013277568121552147
2025-06-17,llm_daily_posaware,-0.004515232918606582
2025-06-18,llm_daily_posaware,0.0056354791236394915
2025-06-20,llm_daily_posaware,-0.003764715962680859
2025-06-23,llm_daily_posaware,0.014339770553542807
2025-06-24,llm_daily_posaware,0.015122325128009222
2025-06-25,llm_daily_posaware,0.007214021051449921
2025-06-26,llm_daily_posaware,0.010649881550211614
2025-06-27,llm_daily_posaware,0.00511187502847198
2025-06-30,llm_daily_posaware,0.009872345548808182
2025-07-01,llm_daily_posaware,-0.009732557821448306
2025-07-02,llm_daily_posaware,0.010776703101192331
2025-07-03,llm_daily_posaware,0.009867868043834788
2025-07-07,llm_daily_posaware,-0.010175033991134763
2025-07-08,llm_daily_posaware,-0.005772087344360383
2025-07-09,llm_daily_posaware,0.010983407806177625
2025-07-10,llm_daily_posaware,0.007378956888289811
2025-07-11,llm_daily_posaware,-0.0007467696133020452
2025-07-14,llm_daily_posaware,-0.0014118786312992126
2025-07-15,llm_daily_posaware,0.011580844287769282
2025-07-16,llm_daily_posaware,0.006648017027092668
2025-07-17,llm_daily_posaware,0.008339587722928482
2025-07-18,llm_daily_posaware,-0.005379149170269359
2025-07-21,llm_daily_posaware,-0.003989999351685236
2025-07-22,llm_daily_posaware,-0.004011949276120663
2025-07-23,llm_daily_posaware,0.012832680520640655
2025-07-24,llm_daily_posaware,0.006616685902787389
2025-07-25,llm_daily_posaware,0.002971076384169191
2025-07-28,llm_daily_posaware,0.0016119899441020664
2025-07-29,llm_daily_posaware,-0.00837183583597847
2025-07-30,llm_daily_posaware,0.0059753094469706895
2025-07-31,llm_daily_posaware,0.0006334327056285336
2025-08-01,llm_daily_posaware,-0.019412591214659703
2025-08-04,llm_daily_posaware,0.023379740109065527
2025-08-05,llm_daily_posaware,-0.006819365698596463
2025-08-06,llm_daily_posaware,-0.0016100613936359863
2025-08-07,llm_daily_posaware,-0.003954673220629167
2025-08-08,llm_daily_posaware,0.013560078127636177
2025-08-11,llm_daily_posaware,-0.0031040470580243895
2025-08-12,llm_daily_posaware,0.012108296992785305
2025-08-13,llm_daily_posaware,-0.0065056442177098325
2025-08-14,llm_daily_posaware,-0.0004665245098009637
2025-08-15,llm_daily_posaware,-0.005409615860767042
2025-08-18,llm_daily_posaware,0.003426428577517593
2025-08-19,llm_daily_posaware,-0.014019893369992547
2025-08-20,llm_daily_posaware,-0.0008238526969439269
2025-08-21,llm_daily_posaware,-0.011060960550416698
2025-08-22,llm_daily_posaware,0.018470793261184528
2025-08-25,llm_daily_posaware,0.0004964562639589999
2025-08-26,llm_daily_posaware,0.0024356540349178336
2025-08-27,llm_daily_posaware,-0.0011250228803767082
2025-08-28,llm_daily_posaware,-0.001745977684390953
2025-08-29,llm_daily_posaware,-0.01880215916017468
2025-09-02,llm_daily_posaware,-0.016275101551396096
2025-09-03,llm_daily_posaware,0.005770214186786754
2025-09-04,llm_daily_posaware,0.010130714553440338
2025-09-05,llm_daily_posaware,-0.011160094561071412
2025-09-08,llm_daily_posaware,-0.0015741958084712015
2025-09-09,llm_daily_posaware,-0.0002878138331877662
2025-09-10,llm_daily_posaware,-0.000648122923039601
2025-09-11,llm_daily_posaware,0.013669962014776226
2025-09-12,llm_daily_posaware,-0.0013360062140263364
2025-09-15,llm_daily_posaware,0.005660596913773358
2025-09-16,llm_daily_posaware,-0.0004761593403015685
2025-09-17,llm_daily_posaware,0.013612015782690433
2025-09-18,llm_daily_posaware,0.01703206846144278
2025-09-19,llm_daily_posaware,0.005432899294387067
2025-09-22,llm_daily_posaware,0.01037213576441147
2025-09-23,llm_daily_posaware,-0.006748851986775728
2025-09-24,llm_daily_posaware,-0.007749056563352109
2025-09-25,llm_daily_posaware,-0.000170627571932069
2025-09-26,llm_daily_posaware,0.0029712004473977875
2025-09-29,llm_daily_posaware,0.00553258669755028
2025-09-30,llm_daily_posaware,0.009942470039175122
2025-10-01,llm_daily_posaware,0.0038964370905873458
2025-10-02,llm_daily_posaware,0.010116765705327692
2025-10-03,llm_daily_posaware,0.006784967976516016
2025-10-06,llm_daily_posaware,-0.004675089911457997
2025-10-07,llm_daily_posaware,-0.004379978388568202
2025-10-08,llm_daily_posaware,0.014959319517542445
2025-10-09,llm_daily_posaware,-0.0005573422282472589
2025-10-10,llm_daily_posaware,-0.02532730597437263
2025-10-13,llm_daily_posaware,0.01524629423392489
2025-10-14,llm_daily_posaware,0.007008944397454683
2025-10-15,llm_daily_posaware,0.009218077208976666
2025-10-16,llm_daily_posaware,-4.4393717433255375e-06
2025-10-17,llm_daily_posaware,-0.0018088812470353091
2025-10-20,llm_daily_posaware,0.008590298263121564
2025-10-21,llm_daily_posaware,-0.007821437426332805
2025-10-22,llm_daily_posaware,-0.0059464618227887565
2025-10-23,llm_daily_posaware,-0.004538746800323712
2025-10-24,llm_daily_posaware,0.016249859761132097
2025-10-27,llm_daily_posaware,0.007272603686643576
2025-10-28,llm_daily_posaware,0.008917768795768846
2025-10-29,llm_daily_posaware,0.0034860423709363207
2025-10-30,llm_daily_posaware,-0.0055615393018056845
2025-10-31,llm_daily_posaware,-0.005692432701471688
2025-11-03,llm_daily_posaware,-0.0018045702887816214
2025-11-04,llm_daily_posaware,-0.024391294910110974
2025-11-05,llm_daily_posaware,0.007962702147933081
2025-11-06,llm_daily_posaware,-0.006809235808481051
2025-11-07,llm_daily_posaware,-0.009873041938374986
2025-11-10,llm_daily_posaware,0.011421138977418421
2025-11-11,llm_daily_posaware,0.006413037855355565
2025-11-12,llm_daily_posaware,0.008710405367873996
2025-11-13,llm_daily_posaware,-0.026032857625901816
2025-11-14,llm_daily_posaware,-0.001619233033222528
2025-11-17,llm_daily_posaware,-0.012190296766347803
2025-11-18,llm_daily_posaware,-0.0068593717878380756
2025-11-19,llm_daily_posaware,0.007618917358027554
2025-11-20,llm_daily_posaware,-0.005324621578364286
2025-11-21,llm_daily_posaware,0.0088550873361897
2025-11-24,llm_daily_posaware,0.012138560930450066
2025-11-25,llm_daily_posaware,0.0066536060895174285
2025-11-26,llm_daily_posaware,0.00710817429281988
2025-11-28,llm_daily_posaware,0.007104661563702015
2025-12-01,llm_daily_posaware,-0.0010814221447845438
2025-12-02,llm_daily_posaware,0.006699127854330044
2025-12-03,llm_daily_posaware,0.008061381628699932
2025-12-04,llm_daily_posaware,0.003289134684737905
2025-12-05,llm_daily_posaware,0.0020716215115826994
2025-12-08,llm_daily_posaware,-0.0070001148993571
2025-12-09,llm_daily_posaware,0.00407805594500883
2025-12-10,llm_daily_posaware,0.009701958988752401
2025-12-11,llm_daily_posaware,0.012551741339650974
2025-12-12,llm_daily_posaware,-0.01786911167752783
2025-12-15,llm_daily_posaware,0.0016069112375541642
2025-12-16,llm_daily_posaware,-0.014121971746928457
2025-12-17,llm_daily_posaware,-0.008161905307546291
2025-12-18,llm_daily_posaware,-0.005281433744060625
2025-12-19,llm_daily_posaware,-0.0026606826620312047
2025-12-22,llm_daily_posaware,0.0008273805436318839
2025-12-23,llm_daily_posaware,0.0011150695689305162
2025-12-24,llm_daily_posaware,0.00787544124179624
2025-12-26,llm_daily_posaware,-0.0034362320874421924
2025-12-29,llm_daily_posaware,-0.0066732457397349725
2025-12-30,llm_daily_posaware,-0.004221964686724172
2025-12-31,llm_daily_posaware,-0.00574119176245068
2026-01-02,llm_daily_posaware,0.0163922831527612
2026-01-05,llm_daily_posaware,0.01918936378377715
2026-01-06,llm_daily_posaware,0.00866137635628713
2026-01-07,llm_daily_posaware,-0.025711710565672296
2026-01-08,llm_daily_posaware,0.0062898055544895245
2026-01-09,llm_daily_posaware,0.007644852898464899
2026-01-12,llm_daily_posaware,0.008666161073503601
2026-01-13,llm_daily_posaware,0.0010843080583731732
2026-01-14,llm_daily_posaware,0.003150784001742379
2026-01-15,llm_daily_posaware,0.009705445947326792
2026-01-16,llm_daily_posaware,-0.004099131622638258
2026-01-20,llm_daily_posaware,-0.016394650530523837
2026-01-21,llm_daily_posaware,0.012438341583990913
2026-01-22,llm_daily_posaware,0.00023651831593467503
2026-01-23,llm_daily_posaware,-0.01871837101413611
2026-01-26,llm_daily_posaware,0.009092118342270245
2026-01-27,llm_daily_posaware,0.003541194191032343
2026-01-28,llm_daily_posaware,0.004886740721996945
2026-01-29,llm_daily_posaware,0.013436284730297397
2026-01-30,llm_daily_posaware,-0.0006488963512112584
2025-01-02,llm_weekly_posaware,-0.0023685524682039174
2025-01-03,llm_weekly_posaware,0.00719963824746741
2025-01-06,llm_weekly_posaware,0.00019528720484487407
2025-01-07,llm_weekly_posaware,-0.0008137310779277708
2025-01-08,llm_weekly_posaware,-0.00021686445052582258
2025-01-10,llm_weekly_posaware,-0.012121733329325469
2025-01-13,llm_weekly_posaware,-5.17725663175205e-05
2025-01-14,llm_weekly_posaware,0.005589202780522684
2025-01-15,llm_weekly_posaware,0.021953177717008998
2025-01-16,llm_weekly_posaware,0.0012012264172968302
2025-01-17,llm_weekly_posaware,0.012743519957665227
2025-01-21,llm_weekly_posaware,0.016097225455382582
2025-01-22,llm_weekly_posaware,-0.0006158328386610901
2025-01-23,llm_weekly_posaware,0.013598749901246165
2025-01-24,llm_weekly_posaware,0.0028993971935966645
2025-01-27,llm_weekly_posaware,-0.0019977579130700356
2025-01-28,llm_weekly_posaware,-0.0021302548982133685
2025-01-29,llm_weekly_posaware,0.0036654053310204437
2025-01-30,llm_weekly_posaware,-0.0007401028829658891
2025-01-31,llm_weekly_posaware,-0.005604298670392471
2025-02-03,llm_weekly_posaware,0.005823826368481134
2025-02-04,llm_weekly_posaware,0.006364615035037447
2025-02-05,llm_weekly_posaware,0.010375611763102378
2025-02-06,llm_weekly_posaware,0.0008918394258867538
2025-02-07,llm_weekly_posaware,-0.005362494339574453
2025-02-10,llm_weekly_posaware,-0.0013450669058912787
2025-02-11,llm_weekly_posaware,0.004222896784656687
2025-02-12,llm_weekly_posaware,0.00429258863555142
2025-02-13,llm_weekly_posaware,0.007898348709679892
2025-02-14,llm_weekly_posaware,0.0023939696891850607
2025-02-18,llm_weekly_posaware,0.007401466437748337
2025-02-19,llm_weekly_posaware,0.00017964761801065866
2025-02-20,llm_weekly_posaware,-0.027002974318710755
2025-02-21,llm_weekly_posaware,-0.015478419609863393
2025-02-24,llm_weekly_posaware,-0.0027646555238574847
2025-02-25,llm_weekly_posaware,0.0024230385346685037
2025-02-26,llm_weekly_posaware,-0.009297465954652601
2025-02-27,llm_weekly_posaware,-0.0025642579692865364
2025-02-28,llm_weekly_posaware,0.003036477985005137
2025-03-03,llm_weekly_posaware,0.0004128597006943291
2025-03-04,llm_weekly_posaware,-0.019057209452036962
2025-03-05,llm_weekly_posaware,-0.0006940612777828813
2025-03-06,llm_weekly_posaware,-0.005057324803247705
2025-03-07,llm_weekly_posaware,0.011194889773717619
2025-03-10,llm_weekly_posaware,-0.007827438495875532
2025-03-11,llm_weekly_posaware,-0.017517925012436493
2025-03-12,llm_weekly_posaware,-0.012903719724551531
2025-03-13,llm_weekly_posaware,-0.0060512764338470585
2025-03-14,llm_weekly_posaware,0.003721358072915343
2025-03-17,llm_weekly_posaware,0.011110506966283972
2025-03-18,llm_weekly_posaware,-0.006350668970904433
2025-03-19,llm_weekly_posaware,0.00473440139345771
2025-03-20,llm_weekly_posaware,-0.005042786285174172
2025-03-21,llm_weekly_posaware,-0.00578473136803777
2025-03-24,llm_weekly_posaware,0.008370261329337396
2025-03-25,llm_weekly_posaware,-0.0027141873088148694
2025-03-26,llm_weekly_posaware,0.007087882970480086
2025-03-27,llm_weekly_posaware,0.004389423609594179
2025-03-28,llm_weekly_posaware,-0.007572852032413346
2025-03-31,llm_weekly_posaware,0.017434164800883535
2025-04-01,llm_weekly_posaware,-0.018009277423301932
2025-04-02,llm_weekly_posaware,0.00028688543977096223
2025-04-03,llm_weekly_posaware,0.008683361798453304
2025-04-04,llm_weekly_posaware,-0.054710944848441266
2025-04-07,llm_weekly_posaware,-0.011843946706807692
2025-04-08,llm_weekly_posaware,-0.006001487963202461
2025-04-09,llm_weekly_posaware,0.02755458181436206
2025-04-10,llm_weekly_posaware,-0.00573689162504152
2025-04-11,llm_weekly_posaware,0.017020195224787617
2025-04-14,llm_weekly_posaware,0.01577791827151509
2025-04-15,llm_weekly_posaware,-0.005675558652438284
2025-04-16,llm_weekly_posaware,-0.005197747219123416
2025-04-17,llm_weekly_posaware,0.012742073410890413
2025-04-21,llm_weekly_posaware,-0.006942701639761578
2025-04-22,llm_weekly_posaware,0.019619165377296566
2025-04-23,llm_weekly_posaware,-0.0034567172745941952
2025-04-24,llm_weekly_posaware,-0.015482809534978088
2025-04-25,llm_weekly_posaware,-0.0013613487488496002
2025-04-28,llm_weekly_posaware,0.0029561089405420516
2025-04-29,llm_weekly_posaware,0.0041103686747897385
2025-04-30,llm_weekly_posaware,0.007629747515628255
2025-05-01,llm_weekly_posaware,-0.014927330111620939
2025-05-02,llm_weekly_posaware,0.00701612091156541
2025-05-05,llm_weekly_posaware,0.004189723515772481
2025-05-06,llm_weekly_posaware,9.009229779836082e-05
2025-05-07,llm_weekly_posaware,0.006632828341708574
2025-05-08,llm_weekly_posaware,-0.004604376918957132
2025-05-09,llm_weekly_posaware,-0.003270718198438466
2025-05-12,llm_weekly_posaware,0.00399888119956175
2025-05-13,llm_weekly_posaware,-0.001422884539304764
2025-05-14,llm_weekly_posaware,0.00405359196724197
2025-05-15,llm_weekly_posaware,0.00509883530906775
2025-05-16,llm_weekly_posaware,0.007224633436964023
2025-05-19,llm_weekly_posaware,0.0007978814805840505
2025-05-20,llm_weekly_posaware,-0.0040883268263341545
2025-05-21,llm_weekly_posaware,-0.017805069125170957
2025-05-22,llm_weekly_posaware,0.004043350547741425
2025-05-23,llm_weekly_posaware,-0.008868772332580148
2025-05-27,llm_weekly_posaware,0.02411552132738143
2025-05-28,llm_weekly_posaware,-0.007391971787561574
2025-05-29,llm_weekly_posaware,0.007362542723890209
2025-05-30,llm_weekly_posaware,-0.0029749388377046378
2025-06-02,llm_weekly_posaware,0.003944988357427503
2025-06-03,llm_weekly_posaware,0.009408024039355633
2025-06-04,llm_weekly_posaware,0.0016644636744628238
2025-06-05,llm_weekly_posaware,-0.004380182518140646
2025-06-06,llm_weekly_posaware,0.0098468812751076
2025-06-09,llm_weekly_posaware,0.005921372573367845
2025-06-10,llm_weekly_posaware,0.010417221934614638
2025-06-11,llm_weekly_posaware,0.0029200220720946076
2025-06-12,llm_weekly_posaware,0.0038137341090587976
2025-06-13,llm_weekly_posaware,-0.013355296665648964
2025-06-16,llm_weekly_posaware,0.016194053860561386
2025-06-17,llm_weekly_posaware,-0.003663609058161832
2025-06-18,llm_weekly_posaware,0.005857637258298621
2025-06-20,llm_weekly_posaware,-0.002695678118408962
2025-06-23,llm_weekly_posaware,0.014167580734165908
2025-06-24,llm_weekly_posaware,0.016911870094584017
2025-06-25,llm_weekly_posaware,0.012026041507364148
2025-06-26,llm_weekly_posaware,0.01208688957528734
2025-06-27,llm_weekly_posaware,0.008101743129201715
2025-06-30,llm_weekly_posaware,0.008215873563482424
2025-07-01,llm_weekly_posaware,-0.012400304715422066
2025-07-02,llm_weekly_posaware,0.012892424793103957
2025-07-03,llm_weekly_posaware,0.010469804508363368
2025-07-07,llm_weekly_posaware,-0.008918145987994152
2025-07-08,llm_weekly_posaware,3.843512781182001e-06
2025-07-09,llm_weekly_posaware,0.010431568258394204
2025-07-10,llm_weekly_posaware,0.007995184361712315
2025-07-11,llm_weekly_posaware,-0.0013700201354192032
2025-07-14,llm_weekly_posaware,-0.00018689444150530305
2025-07-15,llm_weekly_posaware,0.011605425855691054
2025-07-16,llm_weekly_posaware,0.00742075990015667
2025-07-17,llm_weekly_posaware,0.009612135312104215
2025-07-18,llm_weekly_posaware,-0.004056500948955266
2025-07-21,llm_weekly_posaware,-0.004076798219690658
2025-07-22,llm_weekly_posaware,-0.008295040395178237
2025-07-23,llm_weekly_posaware,0.018298323971878794
2025-07-24,llm_weekly_posaware,0.008491540358612392
2025-07-25,llm_weekly_posaware,0.004244415803483342
2025-07-28,llm_weekly_posaware,0.004550368327743681
2025-07-29,llm_weekly_posaware,-0.0036134237924891283
2025-07-30,llm_weekly_posaware,0.01090399645648904
2025-07-31,llm_weekly_posaware,0.007326111271363973
2025-08-01,llm_weekly_posaware,-0.021078951359185652
2025-08-04,llm_weekly_posaware,0.023259958089398146
2025-08-05,llm_weekly_posaware,-0.006077063457233878
2025-08-06,llm_weekly_posaware,-0.004122385127104467
2025-08-07,llm_weekly_posaware,-0.007051437555839986
2025-08-08,llm_weekly_posaware,0.004743419743061644
2025-08-11,llm_weekly_posaware,-0.003371531107815817
2025-08-12,llm_weekly_posaware,0.010626339912463222
2025-08-13,llm_weekly_posaware,-0.0027605621536165963
2025-08-14,llm_weekly_posaware,0.0017788155732384125
2025-08-15,llm_weekly_posaware,-0.006253326395379798
2025-08-18,llm_weekly_posaware,0.0031856944250315323
2025-08-19,llm_weekly_posaware,-0.01453107247935862
2025-08-20,llm_weekly_posaware,-0.004319516768993931
2025-08-21,llm_weekly_posaware,-0.002693588192631846
2025-08-22,llm_weekly_posaware,0.019440571056798018
2025-08-25,llm_weekly_posaware,0.0029213480187164466
2025-08-26,llm_weekly_posaware,0.0036784138905411818
2025-08-27,llm_weekly_posaware,-0.0009381080618685035
2025-08-28,llm_weekly_posaware,-0.0031649827236372103
2025-08-29,llm_weekly_posaware,-0.017446443309181724
2025-09-02,llm_weekly_posaware,-0.014103579061585176
2025-09-03,llm_weekly_posaware,0.007425681610868878
2025-09-04,llm_weekly_posaware,0.011655109947500162
2025-09-05,llm_weekly_posaware,-0.013070217879984334
2025-09-08,llm_weekly_posaware,-0.0006471053049960094
2025-09-09,llm_weekly_posaware,-0.0022669961340103604
2025-09-10,llm_weekly_posaware,-0.0022203592484189016
2025-09-11,llm_weekly_posaware,0.014098773198358349
2025-09-12,llm_weekly_posaware,-0.0016843438317124537
2025-09-15,llm_weekly_posaware,0.005354436357100911
2025-09-16,llm_weekly_posaware,-3.1701781634191697e-06
2025-09-17,llm_weekly_posaware,0.007197081958305236
2025-09-18,llm_weekly_posaware,0.0189775036830477
2025-09-19,llm_weekly_posaware,0.004386927649333033
2025-09-22,llm_weekly_posaware,0.012309706322212944
2025-09-23,llm_weekly_posaware,-0.006057645304231334
2025-09-24,llm_weekly_posaware,-0.006243401866928988
2025-09-25,llm_weekly_posaware,0.0001580566045505052
2025-09-26,llm_weekly_posaware,0.00357568273201444
2025-09-29,llm_weekly_posaware,0.006795940898279755
2025-09-30,llm_weekly_posaware,0.009709257367286383
2025-10-01,llm_weekly_posaware,0.0023345669116901224
2025-10-02,llm_weekly_posaware,0.00850737739854282
2025-10-03,llm_weekly_posaware,0.009063139121715679
2025-10-06,llm_weekly_posaware,-0.0035207926305529935
2025-10-07,llm_weekly_posaware,-0.007564105391602055
2025-10-08,llm_weekly_posaware,0.01649727257233061
2025-10-09,llm_weekly_posaware,-0.0011989933124898103
2025-10-10,llm_weekly_posaware,-0.02413907708076025
2025-10-13,llm_weekly_posaware,0.01681222471586944
2025-10-14,llm_weekly_posaware,0.005903961687760317
2025-10-15,llm_weekly_posaware,0.004934577804771017
2025-10-16,llm_weekly_posaware,0.00411497736306412
2025-10-17,llm_weekly_posaware,-0.0051863653909410825
2025-10-20,llm_weekly_posaware,0.01220186523775905
2025-10-21,llm_weekly_posaware,-0.007971437426332805
2025-10-22,llm_weekly_posaware,-0.008534548505873145
2025-10-23,llm_weekly_posaware,0.00552618439731966
2025-10-24,llm_weekly_posaware,0.0031270865196853176
2025-10-27,llm_weekly_posaware,0.00776523437433091
2025-10-28,llm_weekly_posaware,0.004832511156757831
2025-10-29,llm_weekly_posaware,0.020208782845287196
2025-10-30,llm_weekly_posaware,-0.0004022556769975041
2025-10-31,llm_weekly_posaware,-0.00554764152213702
2025-11-03,llm_weekly_posaware,-0.0017848685072297866
2025-11-04,llm_weekly_posaware,-0.023230713597197937
2025-11-05,llm_weekly_posaware,0.009014752061773827
2025-11-06,llm_weekly_posaware,-0.007975171563890715
2025-11-07,llm_weekly_posaware,-0.006553949815160647
2025-11-10,llm_weekly_posaware,0.023355117498355595
2025-11-11,llm_weekly_posaware,0.008298896539810393
2025-11-12,llm_weekly_posaware,0.011100817760234093
2025-11-13,llm_weekly_posaware,-0.028396274338243557
2025-11-14,llm_weekly_posaware,-0.006102079494886382
2025-11-17,llm_weekly_posaware,-0.015584325048228195
2025-11-18,llm_weekly_posaware,-0.0062344452114188485
2025-11-19,llm_weekly_posaware,0.0072383642446872225
2025-11-20,llm_weekly_posaware,-0.005721773650751693
2025-11-21,llm_weekly_posaware,0.010726406127588328
2025-11-24,llm_weekly_posaware,0.01558873540292969
2025-11-25,llm_weekly_posaware,0.006882319355506983
2025-11-26,llm_weekly_posaware,0.005262046538159014
2025-11-28,llm_weekly_posaware,0.006565991166370965
2025-12-01,llm_weekly_posaware,-0.006036525285423755
2025-12-02,llm_weekly_posaware,0.0032940140734482805
2025-12-03,llm_weekly_posaware,0.010082687778944222
2025-12-04,llm_weekly_posaware,-0.001561344525909614
2025-12-05,llm_weekly_posaware,0.0038944734867161664
2025-12-08,llm_weekly_posaware,-0.0030113664539392466
2025-12-09,llm_weekly_posaware,0.002048849450181711
2025-12-10,llm_weekly_posaware,0.010461987191262167
2025-12-11,llm_weekly_posaware,0.01174023643984895
2025-12-12,llm_weekly_posaware,-0.014231227894941238
2025-12-15,llm_weekly_posaware,-0.0061564034128729125
2025-12-16,llm_weekly_posaware,-0.007343389521202153
2025-12-17,llm_weekly_posaware,-0.018334274106780773
2025-12-18,llm_weekly_posaware,0.0010405029600261185
2025-12-19,llm_weekly_posaware,0.009152564331299462
2025-12-22,llm_weekly_posaware,0.0018975737671612035
2025-12-23,llm_weekly_posaware,-0.002000489952394774
2025-12-24,llm_weekly_posaware,0.006745662131793568
2025-12-26,llm_weekly_posaware,-0.003186826805092063
2025-12-29,llm_weekly_posaware,-0.0063751477361131455
2025-12-30,llm_weekly_posaware,-0.0034691402216582563
2025-12-31,llm_weekly_posaware,-0.006947966763535323
2026-01-02,llm_weekly_posaware,0.01878750758613263
2026-01-05,llm_weekly_posaware,0.022912497121601694
2026-01-06,llm_weekly_posaware,0.0074673765844460605
2026-01-07,llm_weekly_posaware,-0.014722108761159404
2026-01-08,llm_weekly_posaware,0.0004678523896999131
2026-01-09,llm_weekly_posaware,0.008868023414058346
2026-01-12,llm_weekly_posaware,0.0126537615272992
2026-01-13,llm_weekly_posaware,0.005805061186424043
2026-01-14,llm_weekly_posaware,0.0036649185097672285
2026-01-15,llm_weekly_posaware,0.016037892037130404
2026-01-16,llm_weekly_posaware,-0.006832776362294696
2026-01-20,llm_weekly_posaware,-0.01602045359769437
2026-01-21,llm_weekly_posaware,0.015953605241616996
2026-01-22,llm_weekly_posaware,0.0011483522794670793
2026-01-23,llm_weekly_posaware,-0.02303592544744926
2026-01-26,llm_weekly_posaware,0.007516616914365247
2026-01-27,llm_weekly_posaware,0.005118985432528961
2026-01-28,llm_weekly_posaware,0.004986740721996946
2026-01-29,llm_weekly_posaware,0.013941000900525113
2026-01-30,llm_weekly_posaware,9.663418097744566e-05
2025-01-02,llm_monthly_posaware,-0.007160915687600291
2025-01-03,llm_monthly_posaware,0.004462162231785227
2025-01-06,llm_monthly_posaware,5.792876846645893e-05
2025-01-07,llm_monthly_posaware,-0.0024354864337927445
2025-01-08,llm_monthly_posaware,-0.001835214609185354
2025-01-10,llm_monthly_posaware,-0.019668614072517333
2025-01-13,llm_monthly_posaware,7.670420608325065e-06
2025-01-14,llm_monthly_posaware,0.005936585516952075
2025-01-15,llm_monthly_posaware,0.024853865004964705
2025-01-16,llm_monthly_posaware,-0.007018281343817291
2025-01-17,llm_monthly_posaware,0.011536658603232088
2025-01-21,llm_monthly_posaware,0.00494466216877113
2025-01-22,llm_monthly_posaware,0.0004755935048387451
2025-01-23,llm_monthly_posaware,0.011454638447836918
2025-01-24,llm_monthly_posaware,0.0013069641790679652
2025-01-27,llm_monthly_posaware,0.011181354599923699
2025-01-28,llm_monthly_posaware,0.007301799193977526
2025-01-29,llm_monthly_posaware,0.003396277106415724
2025-01-30,llm_monthly_posaware,0.007820914382779709
2025-01-31,llm_monthly_posaware,-0.005063470526317481
2025-02-03,llm_monthly_posaware,-0.004950808279696357
2025-02-04,llm_monthly_posaware,0.006320689239778105
2025-02-05,llm_monthly_posaware,0.010749496504382639
2025-02-06,llm_monthly_posaware,-0.00011408230663703168
2025-02-07,llm_monthly_posaware,-0.005990311450484365
2025-02-10,llm_monthly_posaware,0.0008761859959257982
2025-02-11,llm_monthly_posaware,0.004483743053160665
2025-02-12,llm_monthly_posaware,0.004886794629169122
2025-02-13,llm_monthly_posaware,0.008931209268377083
2025-02-14,llm_monthly_posaware,0.0019071263096968327
2025-02-18,llm_monthly_posaware,0.007742609191134248
2025-02-19,llm_monthly_posaware,-0.0009378494800020899
2025-02-20,llm_monthly_posaware,-0.033110343265871214
2025-02-21,llm_monthly_posaware,-0.016457790929157536
2025-02-24,llm_monthly_posaware,-0.0033399860662316426
2025-02-25,llm_monthly_posaware,0.0030089493628850704
2025-02-26,llm_monthly_posaware,-0.004384235326906061
2025-02-27,llm_monthly_posaware,-0.0006046092597915887
2025-02-28,llm_monthly_posaware,0.01695386520952978
2025-03-03,llm_monthly_posaware,-0.012616783149941652
2025-03-04,llm_monthly_posaware,-0.023537110570519736
2025-03-05,llm_monthly_posaware,0.006318049348695343
2025-03-06,llm_monthly_posaware,-0.003010054024541087
2025-03-07,llm_monthly_posaware,0.019511333196308378
2025-03-10,llm_monthly_posaware,-0.005829283590984341
2025-03-11,llm_monthly_posaware,-0.02061589530144887
2025-03-12,llm_monthly_posaware,-0.011601158994095391
2025-03-13,llm_monthly_posaware,-0.00684852085140843
2025-03-14,llm_monthly_posaware,0.004969503313496677
2025-03-17,llm_monthly_posaware,0.010031841483242
2025-03-18,llm_monthly_posaware,-0.0036274981945798534
2025-03-19,llm_monthly_posaware,0.006271446506291534
2025-03-20,llm_monthly_posaware,-0.0042113987139916365
2025-03-21,llm_monthly_posaware,-0.004987668166963655
2025-03-24,llm_monthly_posaware,0.008155521437069286
2025-03-25,llm_monthly_posaware,-0.001751976380096987
2025-03-26,llm_monthly_posaware,0.008952416367812443
2025-03-27,llm_monthly_posaware,0.004494552942955649
2025-03-28,llm_monthly_posaware,-0.009092726697590498
2025-03-31,llm_monthly_posaware,0.017548079236093594
2025-04-01,llm_monthly_posaware,-0.01880631242233185
2025-04-02,llm_monthly_posaware,0.0004047574204512569
2025-04-03,llm_monthly_posaware,0.0087563019221284
2025-04-04,llm_monthly_posaware,-0.05294009809097602
2025-04-07,llm_monthly_posaware,-0.012753523387370928
2025-04-08,llm_monthly_posaware,-0.005059774755248792
2025-04-09,llm_monthly_posaware,0.02940305827515868
2025-04-10,llm_monthly_posaware,-0.0031360686531731793
2025-04-11,llm_monthly_posaware,0.01601988663667222
2025-04-14,llm_monthly_posaware,0.015260840631365936
2025-04-15,llm_monthly_posaware,-0.004863672048771389
2025-04-16,llm_monthly_posaware,-0.005323952362504908
2025-04-17,llm_monthly_posaware,0.012126643898158084
2025-04-21,llm_monthly_posaware,-0.007970922769938044
2025-04-22,llm_monthly_posaware,0.019706344736258
2025-04-23,llm_monthly_posaware,-0.002474486219029004
2025-04-24,llm_monthly_posaware,-0.015190598220673245
2025-04-25,llm_monthly_posaware,-0.0012131402304911998
2025-04-28,llm_monthly_posaware,0.0035748356977173437
2025-04-29,llm_monthly_posaware,0.005232464423588057
2025-04-30,llm_monthly_posaware,0.007443686507983704
2025-05-01,llm_monthly_posaware,-0.01442863391040688
2025-05-02,llm_monthly_posaware,0.008035880263814387
2025-05-05,llm_monthly_posaware,0.0037366841096706737
2025-05-06,llm_monthly_posaware,-0.0039014389693503293
2025-05-07,llm_monthly_posaware,0.0052162671554491615
2025-05-08,llm_monthly_posaware,-0.003220525238679495
2025-05-09,llm_monthly_posaware,-0.0037460515540522045
2025-05-12,llm_monthly_posaware,0.008217674189964191
2025-05-13,llm_monthly_posaware,-0.0017776668522990868
2025-05-14,llm_monthly_posaware,0.00435297099692451
2025-05-15,llm_monthly_posaware,0.013671568233566899
2025-05-16,llm_monthly_posaware,0.007635598475857829
2025-05-19,llm_monthly_posaware,0.0053153126833539455
2025-05-20,llm_monthly_posaware,-0.0031702939672299977
2025-05-21,llm_monthly_posaware,-0.011737127218938487
2025-05-22,llm_monthly_posaware,-0.0031955074024110634
2025-05-23,llm_monthly_posaware,-0.0011428865150086452
2025-05-27,llm_monthly_posaware,0.013615414666972124
2025-05-28,llm_monthly_posaware,-0.007252081673354499
2025-05-29,llm_monthly_posaware,7.573155657357168e-05
2025-05-30,llm_monthly_posaware,0.007070269786026262
2025-06-02,llm_monthly_posaware,0.0062340383460790065
2025-06-03,llm_monthly_posaware,2.846526373316262e-05
2025-06-04,llm_monthly_posaware,-0.000349989050298627
2025-06-05,llm_monthly_posaware,-0.0048076719167203736
2025-06-06,llm_monthly_posaware,0.010302675997073563
2025-06-09,llm_monthly_posaware,0.00947214993292127
2025-06-10,llm_monthly_posaware,0.010231255705497357
2025-06-11,llm_monthly_posaware,0.0034711160043550686
2025-06-12,llm_monthly_posaware,0.005578150622615668
2025-06-13,llm_monthly_posaware,-0.013193374236939281
2025-06-16,llm_monthly_posaware,0.015081296353018591
2025-06-17,llm_monthly_posaware,-0.0047617913640554625
2025-06-18,llm_monthly_posaware,0.004443621950974186
2025-06-20,llm_monthly_posaware,-0.006480816669049049
2025-06-23,llm_monthly_posaware,0.010552323179450285
2025-06-24,llm_monthly_posaware,0.017379929090568583
2025-06-25,llm_monthly_posaware,0.015568545930852978
2025-06-26,llm_monthly_posaware,0.010351771335400172
2025-06-27,llm_monthly_posaware,0.006600910372422469
2025-06-30,llm_monthly_posaware,0.007395509406729606
2025-07-01,llm_monthly_posaware,-0.014507309012350688
2025-07-02,llm_monthly_posaware,0.00789452232543344
2025-07-03,llm_monthly_posaware,0.011576529540374768
2025-07-07,llm_monthly_posaware,-0.005559219036725171
2025-07-08,llm_monthly_posaware,-0.008445173021753188
2025-07-09,llm_monthly_posaware,0.005948879010096559
2025-07-10,llm_monthly_posaware,0.00917014761740913
2025-07-11,llm_monthly_posaware,-0.006118754320335757
2025-07-14,llm_monthly_posaware,0.0005223064751926194
2025-07-15,llm_monthly_posaware,0.004113748456182043
2025-07-16,llm_monthly_posaware,0.005826912189308643
2025-07-17,llm_monthly_posaware,0.00954629532598773
2025-07-18,llm_monthly_posaware,-0.003702077548669075
2025-07-21,llm_monthly_posaware,0.00014588660905288041
2025-07-22,llm_monthly_posaware,-0.0037525712365765298
2025-07-23,llm_monthly_posaware,0.017141640220475915
2025-07-24,llm_monthly_posaware,0.0025540130076066154
2025-07-25,llm_monthly_posaware,0.005641860386342607
2025-07-28,llm_monthly_posaware,0.006109019308313802
2025-07-29,llm_monthly_posaware,-0.0020369806796734892
2025-07-30,llm_monthly_posaware,0.0015338795542228232
2025-07-31,llm_monthly_posaware,0.0008394327862399247
2025-08-01,llm_monthly_posaware,-0.0175057955844045
2025-08-04,llm_monthly_posaware,0.02139094610637019
2025-08-05,llm_monthly_posaware,-0.008344221772538251
2025-08-06,llm_monthly_posaware,-0.0028709422216009416
2025-08-07,llm_monthly_posaware,-0.0060849533494276905
2025-08-08,llm_monthly_posaware,0.004663191175102116
2025-08-11,llm_monthly_posaware,-0.005766931879495169
2025-08-12,llm_monthly_posaware,0.01106259397604063
2025-08-13,llm_monthly_posaware,-0.003127720625536679
2025-08-14,llm_monthly_posaware,0.0043818271626866025
2025-08-15,llm_monthly_posaware,-0.010514973235104785
2025-08-18,llm_monthly_posaware,0.003672307328449709
2025-08-19,llm_monthly_posaware,-0.010141111875040626
2025-08-20,llm_monthly_posaware,0.0015050131661462904
2025-08-21,llm_monthly_posaware,-0.0033700077982287465
2025-08-22,llm_monthly_posaware,0.021859760624870453
2025-08-25,llm_monthly_posaware,-0.0019115691954773254
2025-08-26,llm_monthly_posaware,0.0027809169392302214
2025-08-27,llm_monthly_posaware,0.0028550744699664347
2025-08-28,llm_monthly_posaware,-0.00035656503323955313
2025-08-29,llm_monthly_posaware,-0.017516836267420267
2025-09-02,llm_monthly_posaware,-0.009428404961242327
2025-09-03,llm_monthly_posaware,-0.0008119889241901547
2025-09-04,llm_monthly_posaware,0.010038216876858653
2025-09-05,llm_monthly_posaware,-0.008312292184958048
2025-09-08,llm_monthly_posaware,-0.002218347779307284
2025-09-09,llm_monthly_posaware,0.00244476424075229
2025-09-10,llm_monthly_posaware,-0.005313856237360894
2025-09-11,llm_monthly_posaware,0.016201256883428394
2025-09-12,llm_monthly_posaware,0.0015583859831458382
2025-09-15,llm_monthly_posaware,0.00464232795928452
2025-09-16,llm_monthly_posaware,0.0020250012153851023
2025-09-17,llm_monthly_posaware,0.008953037274926533
2025-09-18,llm_monthly_posaware,0.0030624311699848808
2025-09-19,llm_monthly_posaware,0.009928475519678586
2025-09-22,llm_monthly_posaware,0.0073849632556200135
2025-09-23,llm_monthly_posaware,0.0015640453564194244
2025-09-24,llm_monthly_posaware,-0.00475290186255848
2025-09-25,llm_monthly_posaware,0.002789085502971922
2025-09-26,llm_monthly_posaware,0.0059619825697479045
2025-09-29,llm_monthly_posaware,0.002691750927875741
2025-09-30,llm_monthly_posaware,0.00434479579637716
2025-10-01,llm_monthly_posaware,-0.00359856220016212
2025-10-02,llm_monthly_posaware,0.0009824599029980069
2025-10-03,llm_monthly_posaware,0.010075243905851917
2025-10-06,llm_monthly_posaware,-0.004428415949602931
2025-10-07,llm_monthly_posaware,-0.0068123917607567815
2025-10-08,llm_monthly_posaware,0.014795955323207322
2025-10-09,llm_monthly_posaware,0.00031187869237393534
2025-10-10,llm_monthly_posaware,-0.02294854101483578
2025-10-13,llm_monthly_posaware,0.01888547155349648
2025-10-14,llm_monthly_posaware,0.007144242837338153
2025-10-15,llm_monthly_posaware,0.005434990530094835
2025-10-16,llm_monthly_posaware,0.004376656416217794
2025-10-17,llm_monthly_posaware,-0.0037255972608471848
2025-10-20,llm_monthly_posaware,0.013337997315026601
2025-10-21,llm_monthly_posaware,-0.007582163314896339
2025-10-22,llm_monthly_posaware,-0.011971271760377537
2025-10-23,llm_monthly_posaware,0.007269588529770276
2025-10-24,llm_monthly_posaware,0.009629766827574548
2025-10-27,llm_monthly_posaware,0.012350449280908305
2025-10-28,llm_monthly_posaware,0.002611832424408638
2025-10-29,llm_monthly_posaware,0.0442328673590135
2025-10-30,llm_monthly_posaware,0.0003878237409896462
2025-10-31,llm_monthly_posaware,-0.004880265868675499
2025-11-03,llm_monthly_posaware,-0.005020075428892962
2025-11-04,llm_monthly_posaware,-0.026078023637047903
2025-11-05,llm_monthly_posaware,0.012607356004479426
2025-11-06,llm_monthly_posaware,-0.006791540089281389
2025-11-07,llm_monthly_posaware,-0.007824792470906698
2025-11-10,llm_monthly_posaware,0.023170984803567184
2025-11-11,llm_monthly_posaware,-0.00252604478154334
2025-11-12,llm_monthly_posaware,0.0033020845856946866
2025-11-13,llm_monthly_posaware,-0.026874154091135742
2025-11-14,llm_monthly_posaware,0.004736503664992525
2025-11-17,llm_monthly_posaware,-0.014224812331308068
2025-11-18,llm_monthly_posaware,-0.014377315761539694
2025-11-19,llm_monthly_posaware,0.011396167885526665
2025-11-20,llm_monthly_posaware,-0.013808237307181453
2025-11-21,llm_monthly_posaware,0.008390496538959796
2025-11-24,llm_monthly_posaware,0.018328229463422004
2025-11-25,llm_monthly_posaware,-0.0006843756506850929
2025-11-26,llm_monthly_posaware,0.007966825426898028
2025-11-28,llm_monthly_posaware,0.0005834702175958499
2025-12-01,llm_monthly_posaware,0.0008489372465068151
2025-12-02,llm_monthly_posaware,0.011384945560011194
2025-12-03,llm_monthly_posaware,0.0020087349125754096
2025-12-04,llm_monthly_posaware,0.001715045959741035
2025-12-05,llm_monthly_posaware,0.005046040737643431
2025-12-08,llm_monthly_posaware,-0.0055742255508789695
2025-12-09,llm_monthly_posaware,0.0019838432302534846
2025-12-10,llm_monthly_posaware,0.017311826117451256
2025-12-11,llm_monthly_posaware,0.017905699136180994
2025-12-12,llm_monthly_posaware,-0.01469788029954544
2025-12-15,llm_monthly_posaware,-0.0025920839425066775
2025-12-16,llm_monthly_posaware,-0.009642134481373849
2025-12-17,llm_monthly_posaware,-0.01623370240321419
2025-12-18,llm_monthly_posaware,-0.0005136191481682488
2025-12-19,llm_monthly_posaware,0.0067536066808618
2025-12-22,llm_monthly_posaware,0.0012664407085180521
2025-12-23,llm_monthly_posaware,-0.004545361783423701
2025-12-24,llm_monthly_posaware,0.006124640456293462
2025-12-26,llm_monthly_posaware,-0.000999697805193589
2025-12-29,llm_monthly_posaware,-0.0033270483536803064
2025-12-30,llm_monthly_posaware,-0.004148367422909693
2025-12-31,llm_monthly_posaware,-0.004983082994075355
2026-01-02,llm_monthly_posaware,0.024894185146248075
2026-01-05,llm_monthly_posaware,0.012205835891665254
2026-01-06,llm_monthly_posaware,0.008461376356287131
2026-01-07,llm_monthly_posaware,-0.025711710565672296
2026-01-08,llm_monthly_posaware,0.008436354447791642
2026-01-09,llm_monthly_posaware,0.009836614685247595
2026-01-12,llm_monthly_posaware,0.006600494771870269
2026-01-13,llm_monthly_posaware,-0.003287988626545874
2026-01-14,llm_monthly_posaware,-0.0012371782507546725
2026-01-15,llm_monthly_posaware,0.016015061525514546
2026-01-16,llm_monthly_posaware,-0.004654166069367005
2026-01-20,llm_monthly_posaware,-0.020382610917574793
2026-01-21,llm_monthly_posaware,0.01574427266642817
2026-01-22,llm_monthly_posaware,0.0016077133037673105
2026-01-23,llm_monthly_posaware,-0.027088369915481192
2026-01-26,llm_monthly_posaware,0.010768282037152554
2026-01-27,llm_monthly_posaware,-0.0008305675879441143
2026-01-28,llm_monthly_posaware,0.002789875392722246
2026-01-29,llm_monthly_posaware,0.019135429396356183
2026-01-30,llm_monthly_posaware,-0.0025442816979794666
2025-01-02,llm_weekly_memoryless,-0.0023685524682039174
2025-01-03,llm_weekly_memoryless,0.00719963824746741
2025-01-06,llm_weekly_memoryless,0.00019528720484487407
2025-01-07,llm_weekly_memoryless,-0.0008137310779277708
2025-01-08,llm_weekly_memoryless,-0.00021686445052582258
2025-01-10,llm_weekly_memoryless,-0.012121733329325469
2025-01-13,llm_weekly_memoryless,-5.17725663175205e-05
2025-01-14,llm_weekly_memoryless,0.005589202780522684
2025-01-15,llm_weekly_memoryless,0.021953177717008998
2025-01-16,llm_weekly_memoryless,0.0012012264172968302
2025-01-17,llm_weekly_memoryless,0.014612566839043417
2025-01-21,llm_weekly_memoryless,0.014130371840359144
2025-01-22,llm_weekly_memoryless,-0.0010084363413307095
2025-01-23,llm_weekly_memoryless,0.01255500031081187
2025-01-24,llm_weekly_memoryless,0.0009686799582809937
2025-01-27,llm_weekly_memoryless,-0.0021477579130700355
2025-01-28,llm_weekly_memoryless,-0.0021302548982133685
2025-01-29,llm_weekly_memoryless,0.0036654053310204437
2025-01-30,llm_weekly_memoryless,-0.0007401028829658891
2025-01-31,llm_weekly_memoryless,-0.005604298670392471
2025-02-03,llm_weekly_memoryless,0.005823826368481134
2025-02-04,llm_weekly_memoryless,0.006364615035037447
2025-02-05,llm_weekly_memoryless,0.010375611763102378
2025-02-06,llm_weekly_memoryless,0.0008918394258867538
2025-02-07,llm_weekly_memoryless,-0.005362494339574453
2025-02-10,llm_weekly_memoryless,-0.000861696901687403
2025-02-11,llm_weekly_memoryless,0.005431031825776178
2025-02-12,llm_weekly_memoryless,0.0044141745734819875
2025-02-13,llm_weekly_memoryless,0.008394211945405195
2025-02-14,llm_weekly_memoryless,0.00243671203641922
2025-02-18,llm_weekly_memoryless,0.008474958239256458
2025-02-19,llm_weekly_memoryless,-0.0011688614456038862
2025-02-20,llm_weekly_memoryless,-0.03207511037642501
2025-02-21,llm_weekly_memoryless,-0.01568767670080253
2025-02-24,llm_weekly_memoryless,-0.0033031677259890866
2025-02-25,llm_weekly_memoryless,0.0011305045989627514
2025-02-26,llm_weekly_memoryless,-0.012731481232288455
2025-02-27,llm_weekly_memoryless,-0.006659954777074255
2025-02-28,llm_weekly_memoryless,0.002967310887373886
2025-03-03,llm_weekly_memoryless,-0.0015822029614632634
2025-03-04,llm_weekly_memoryless,-0.02198817656758655
2025-03-05,llm_weekly_memoryless,-0.0005762250543114744
2025-03-06,llm_weekly_memoryless,-0.0076687813665837525
2025-03-07,llm_weekly_memoryless,0.010400319827765996
2025-03-10,llm_weekly_memoryless,-0.006785318424310899
2025-03-11,llm_weekly_memoryless,-0.015514559107311835
2025-03-12,llm_weekly_memoryless,-0.013655444289083205
2025-03-13,llm_weekly_memoryless,-0.004880878387864173
2025-03-14,llm_weekly_memoryless,0.0027006142788224053
2025-03-17,llm_weekly_memoryless,0.009508400630374258
2025-03-18,llm_weekly_memoryless,-0.005517054721569819
2025-03-19,llm_weekly_memoryless,0.005972085337298294
2025-03-20,llm_weekly_memoryless,-0.005637386709976722
2025-03-21,llm_weekly_memoryless,-0.0048009917359011335
2025-03-24,llm_weekly_memoryless,0.008037815765390394
2025-03-25,llm_weekly_memoryless,-0.0033077370176776027
2025-03-26,llm_weekly_memoryless,0.006426019109228253
2025-03-27,llm_weekly_memoryless,0.004311212545000276
2025-03-28,llm_weekly_memoryless,-0.007133561782805708
2025-03-31,llm_weekly_memoryless,0.01719653982048954
2025-04-01,llm_weekly_memoryless,-0.01848583282144681
2025-04-02,llm_weekly_memoryless,-0.0003206771651943546
2025-04-03,llm_weekly_memoryless,0.01387314994165777
2025-04-04,llm_weekly_memoryless,-0.052576824605548515
2025-04-07,llm_weekly_memoryless,-0.013327433376371541
2025-04-08,llm_weekly_memoryless,-0.005189778622367507
2025-04-09,llm_weekly_memoryless,0.02702892342133232
2025-04-10,llm_weekly_memoryless,0.0002437945580476339
2025-04-11,llm_weekly_memoryless,0.015029008105708251
2025-04-14,llm_weekly_memoryless,0.016762299821516436
2025-04-15,llm_weekly_memoryless,-0.008141474921379874
2025-04-16,llm_weekly_memoryless,-0.00798454418203707
2025-04-17,llm_weekly_memoryless,0.013257042728898591
2025-04-21,llm_weekly_memoryless,-0.0077493998040587125
2025-04-22,llm_weekly_memoryless,0.023157275948567396
2025-04-23,llm_weekly_memoryless,-0.002787542133966629
2025-04-24,llm_weekly_memoryless,-0.014874648863270067
2025-04-25,llm_weekly_memoryless,-0.0016396816751863721
2025-04-28,llm_weekly_memoryless,0.002775409915087629
2025-04-29,llm_weekly_memoryless,0.004360715692458033
2025-04-30,llm_weekly_memoryless,0.00803416477208745
2025-05-01,llm_weekly_memoryless,-0.014776947750115522
2025-05-02,llm_weekly_memoryless,0.007230699313572125
2025-05-05,llm_weekly_memoryless,0.0046980195761113005
2025-05-06,llm_weekly_memoryless,0.00012625437847713636
2025-05-07,llm_weekly_memoryless,0.003178331686755454
2025-05-08,llm_weekly_memoryless,0.0017818120238505038
2025-05-09,llm_weekly_memoryless,-0.002606906475512105
2025-05-12,llm_weekly_memoryless,0.014454551102774743
2025-05-13,llm_weekly_memoryless,0.0011594287155953342
2025-05-14,llm_weekly_memoryless,0.009326802496188573
2025-05-15,llm_weekly_memoryless,0.0010856621632867216
2025-05-16,llm_weekly_memoryless,0.007478461834703686
2025-05-19,llm_weekly_memoryless,-0.0007335556049358149
2025-05-20,llm_weekly_memoryless,-0.005205429373377707
2025-05-21,llm_weekly_memoryless,-0.01865653233346805
2025-05-22,llm_weekly_memoryless,0.003432157830308141
2025-05-23,llm_weekly_memoryless,-0.008782826246971005
2025-05-27,llm_weekly_memoryless,0.023738883342390524
2025-05-28,llm_weekly_memoryless,-0.006405497975876396
2025-05-29,llm_weekly_memoryless,0.008299743831700708
2025-05-30,llm_weekly_memoryless,-0.00480877467884085
2025-06-02,llm_weekly_memoryless,0.005474624707093995
2025-06-03,llm_weekly_memoryless,0.010579950969563157
2025-06-04,llm_weekly_memoryless,0.0005675046686170193
2025-06-05,llm_weekly_memoryless,-0.004307671916720373
2025-06-06,llm_weekly_memoryless,0.010302675997073563
2025-06-09,llm_weekly_memoryless,0.00947214993292127
2025-06-10,llm_weekly_memoryless,0.010231255705497357
2025-06-11,llm_weekly_memoryless,0.0034711160043550686
2025-06-12,llm_weekly_memoryless,0.0038637341090587973
2025-06-13,llm_weekly_memoryless,-0.013355296665648964
2025-06-16,llm_weekly_memoryless,0.016194053860561386
2025-06-17,llm_weekly_memoryless,-0.003663609058161832
2025-06-18,llm_weekly_memoryless,0.005857637258298621
2025-06-20,llm_weekly_memoryless,-0.002695678118408962
2025-06-23,llm_weekly_memoryless,0.014167580734165908
2025-06-24,llm_weekly_memoryless,0.016911870094584017
2025-06-25,llm_weekly_memoryless,0.012026041507364148
2025-06-26,llm_weekly_memoryless,0.01208688957528734
2025-06-27,llm_weekly_memoryless,0.00650853176503492
2025-06-30,llm_weekly_memoryless,0.010351154194370783
2025-07-01,llm_weekly_memoryless,-0.007899245826603419
2025-07-02,llm_weekly_memoryless,0.010448938730638747
2025-07-03,llm_weekly_memoryless,0.009363406128460296
2025-07-07,llm_weekly_memoryless,-0.010394424154852639
2025-07-08,llm_weekly_memoryless,-0.0024717196659987074
2025-07-09,llm_weekly_memoryless,0.012004225680189651
2025-07-10,llm_weekly_memoryless,0.009491640663559009
2025-07-11,llm_weekly_memoryless,-4.0158689967623173e-05
2025-07-14,llm_weekly_memoryless,0.0003351464407058417
2025-07-15,llm_weekly_memoryless,0.010570764211909044
2025-07-16,llm_weekly_memoryless,0.007889633215733128
2025-07-17,llm_weekly_memoryless,0.008800687471447643
2025-07-18,llm_weekly_memoryless,-0.0037238491935458694
2025-07-21,llm_weekly_memoryless,-0.002959382409856514
2025-07-22,llm_weekly_memoryless,-0.006148665595049824
2025-07-23,llm_weekly_memoryless,0.015707843452994995
2025-07-24,llm_weekly_memoryless,0.008661519524327721
2025-07-25,llm_weekly_memoryless,0.0036972451985869455
2025-07-28,llm_weekly_memoryless,0.0011719732114840072
2025-07-29,llm_weekly_memoryless,-0.0026159314567651025
2025-07-30,llm_weekly_memoryless,0.008849008760405308
2025-07-31,llm_weekly_memoryless,0.004336801722707028
2025-08-01,llm_weekly_memoryless,-0.021146527181058413
2025-08-04,llm_weekly_memoryless,0.021567594652240722
2025-08-05,llm_weekly_memoryless,-0.006493679735176099
2025-08-06,llm_weekly_memoryless,0.0005670663769884723
2025-08-07,llm_weekly_memoryless,-0.004913657220809792
2025-08-08,llm_weekly_memoryless,0.0050459247694142
2025-08-11,llm_weekly_memoryless,-0.003102420307270958
2025-08-12,llm_weekly_memoryless,0.007978756642258854
2025-08-13,llm_weekly_memoryless,-0.0019143175299391295
2025-08-14,llm_weekly_memoryless,0.0009129789301437429
2025-08-15,llm_weekly_memoryless,-0.006618193318007081
2025-08-18,llm_weekly_memoryless,0.003285694425031532
2025-08-19,llm_weekly_memoryless,-0.01453107247935862
2025-08-20,llm_weekly_memoryless,-0.004319516768993931
2025-08-21,llm_weekly_memoryless,-0.002693588192631846
2025-08-22,llm_weekly_memoryless,0.019440571056798018
2025-08-25,llm_weekly_memoryless,-0.0008634394572959716
2025-08-26,llm_weekly_memoryless,0.001890623124074487
2025-08-27,llm_weekly_memoryless,0.0002311650929411098
2025-08-28,llm_weekly_memoryless,-0.0008587282962836732
2025-08-29,llm_weekly_memoryless,-0.019404622985607838
2025-09-02,llm_weekly_memoryless,-0.015942751673397402
2025-09-03,llm_weekly_memoryless,0.006640452045469897
2025-09-04,llm_weekly_memoryless,0.014041717423787833
2025-09-05,llm_weekly_memoryless,-0.013812031973913478
2025-09-08,llm_weekly_memoryless,0.00024128847548579569
2025-09-09,llm_weekly_memoryless,-0.0005878138331877661
2025-09-10,llm_weekly_memoryless,-0.0034085145782688734
2025-09-11,llm_weekly_memoryless,0.015545352811188316
2025-09-12,llm_weekly_memoryless,0.0018273488666646688
2025-09-15,llm_weekly_memoryless,0.006337052864513137
2025-09-16,llm_weekly_memoryless,0.001046361145696506
2025-09-17,llm_weekly_memoryless,0.010834632537127019
2025-09-18,llm_weekly_memoryless,0.02099056995370809
2025-09-19,llm_weekly_memoryless,0.0003587773448008757
2025-09-22,llm_weekly_memoryless,0.007467193624094736
2025-09-23,llm_weekly_memoryless,-0.006957021001367868
2025-09-24,llm_weekly_memoryless,-0.010832305463378256
2025-09-25,llm_weekly_memoryless,0.012831084945267435
2025-09-26,llm_weekly_memoryless,0.004334586678397945
2025-09-29,llm_weekly_memoryless,0.0030422292111696118
2025-09-30,llm_weekly_memoryless,0.0077653068793430945
2025-10-01,llm_weekly_memoryless,0.005869133384020048
2025-10-02,llm_weekly_memoryless,0.0037483884260171643
2025-10-03,llm_weekly_memoryless,0.010228862546257888
2025-10-06,llm_weekly_memoryless,0.0005489773808433626
2025-10-07,llm_weekly_memoryless,-0.007853801007388334
2025-10-08,llm_weekly_memoryless,0.013752172714079228
2025-10-09,llm_weekly_memoryless,0.00016764065973591232
2025-10-10,llm_weekly_memoryless,-0.02385439307542297
2025-10-13,llm_weekly_memoryless,0.02030487576658367
2025-10-14,llm_weekly_memoryless,0.012192665435769509
2025-10-15,llm_weekly_memoryless,0.006178502604493551
2025-10-16,llm_weekly_memoryless,0.002939147937304207
2025-10-17,llm_weekly_memoryless,-0.006220765118431202
2025-10-20,llm_weekly_memoryless,0.005323651014949105
2025-10-21,llm_weekly_memoryless,-0.006766631718693791
2025-10-22,llm_weekly_memoryless,-0.009666897572016041
2025-10-23,llm_weekly_memoryless,0.0054167610140179396
2025-10-24,llm_weekly_memoryless,0.0028554146532005728
2025-10-27,llm_weekly_memoryless,0.0073029146693428465
2025-10-28,llm_weekly_memoryless,0.009147221409928121
2025-10-29,llm_weekly_memoryless,0.021281850030619
2025-10-30,llm_weekly_memoryless,-0.004896758967786558
2025-10-31,llm_weekly_memoryless,-0.003557659048781225
2025-11-03,llm_weekly_memoryless,0.00035194440057713643
2025-11-04,llm_weekly_memoryless,-0.02680468631960073
2025-11-05,llm_weekly_memoryless,0.012762111279916992
2025-11-06,llm_weekly_memoryless,-0.007259521074681823
2025-11-07,llm_weekly_memoryless,-0.007534620214429277
2025-11-10,llm_weekly_memoryless,0.02372376663483213
2025-11-11,llm_weekly_memoryless,0.005855233042891839
2025-11-12,llm_weekly_memoryless,0.00898429591058481
2025-11-13,llm_weekly_memoryless,-0.02931603273155521
2025-11-14,llm_weekly_memoryless,-0.00396899709268041
2025-11-17,llm_weekly_memoryless,-0.014485938698269512
2025-11-18,llm_weekly_memoryless,-0.0048925473130794934
2025-11-19,llm_weekly_memoryless,0.005518256690063121
2025-11-20,llm_weekly_memoryless,-0.0007080969048735947
2025-11-21,llm_weekly_memoryless,0.014077339516466426
2025-11-24,llm_weekly_memoryless,0.012388560930450066
2025-11-25,llm_weekly_memoryless,0.007460816100455093
2025-11-26,llm_weekly_memoryless,0.005390208668119078
2025-11-28,llm_weekly_memoryless,0.006597612527150331
2025-12-01,llm_weekly_memoryless,-0.004656189342826439
2025-12-02,llm_weekly_memoryless,0.0031710874776786453
2025-12-03,llm_weekly_memoryless,0.010082687778944222
2025-12-04,llm_weekly_memoryless,-0.001561344525909614
2025-12-05,llm_weekly_memoryless,0.0038944734867161664
2025-12-08,llm_weekly_memoryless,-0.0030113664539392466
2025-12-09,llm_weekly_memoryless,0.002048849450181711
2025-12-10,llm_weekly_memoryless,0.012555362686734229
2025-12-11,llm_weekly_memoryless,0.013681576906841186
2025-12-12,llm_weekly_memoryless,-0.016578540309706184
2025-12-15,llm_weekly_memoryless,-0.0038845451343347925
2025-12-16,llm_weekly_memoryless,-0.009176094591760914
2025-12-17,llm_weekly_memoryless,-0.007758972592827056
2025-12-18,llm_weekly_memoryless,-0.0027058826037108185
2025-12-19,llm_weekly_memoryless,0.0031409572232344754
2025-12-22,llm_weekly_memoryless,0.00039358211380565713
2025-12-23,llm_weekly_memoryless,-0.004500939138722393
2025-12-24,llm_weekly_memoryless,0.006606154211350447
2025-12-26,llm_weekly_memoryless,-0.0028578447133688623
2025-12-29,llm_weekly_memoryless,-0.00500425121609303
2025-12-30,llm_weekly_memoryless,-0.004405645154698461
2025-12-31,llm_weekly_memoryless,-0.009167969839622148
2026-01-02,llm_weekly_memoryless,0.0157922831527612
2026-01-05,llm_weekly_memoryless,0.01431993992822387
2026-01-06,llm_weekly_memoryless,0.007990441665743652
2026-01-07,llm_weekly_memoryless,-0.014647698771851214
2026-01-08,llm_weekly_memoryless,0.0037526446917095285
2026-01-09,llm_weekly_memoryless,0.007573721665761203
2026-01-12,llm_weekly_memoryless,0.015934660757325306
2026-01-13,llm_weekly_memoryless,0.0005247028665367657
2026-01-14,llm_weekly_memoryless,0.00011505687395259128
2026-01-15,llm_weekly_memoryless,0.02069846109300327
2026-01-16,llm_weekly_memoryless,-0.005481923352575996
2026-01-20,llm_weekly_memoryless,-0.017814809742792925
2026-01-21,llm_weekly_memoryless,0.013678132685179112
2026-01-22,llm_weekly_memoryless,0.001555098643318542
2026-01-23,llm_weekly_memoryless,-0.02381002724650191
2026-01-26,llm_weekly_memoryless,0.006650534592089542
2026-01-27,llm_weekly_memoryless,0.004236460568106415
2026-01-28,llm_weekly_memoryless,0.0045258515989537625
2026-01-29,llm_weekly_memoryless,0.011064216083655353
2026-01-30,llm_weekly_memoryless,0.0017674014085829132
